time,Fx,Fy,Fz,Mx,My,Mz
0.0,56503.0,0.0,-7100.3975302,0.0,-282520.0,0.0
0.2,56559.445,0.0,-7102.528928934101,0.0,-282806.73299999995,0.0
0.4,56734.3785,0.0,-7103.5773249231,0.0,-283652.037,0.0
0.6,57063.4519,0.0,-7101.673217241,0.0,-284646.87999999995,0.0
0.8,57609.55699999999,0.0,-7115.465704335,0.0,-285100.77,0.0
1.0,58433.329,0.0,-7194.89648456,0.0,-284071.47,0.0
1.2,59553.075,0.0,-7422.967457128,0.0,-280676.88,0.0
1.4,60904.632,0.0,-7906.8774230750005,0.0,-274334.2,0.0
1.6,62302.73299999999,0.0,-8758.99738623,0.00835329750729,-264961.30000000005,0.059416229999999993
1.8,63426.194,0.0,-10070.19735321,0.00960369747581,-253201.09999999998,0.06048865199999999
2.0,63824.695999999996,0.0,-11876.597334080001,0.011326397457630002,-240497.90000000002,0.060868105
2.2,62945.721000000005,0.0,-14128.397341421,0.013473797464592,-229051.34000000003,0.060030574
2.4,60212.55299999999,0.0,-16661.597388642,0.015889697509683,-221612.21999999997,0.057423852
2.6,55121.13999999999,0.0,-19184.497488371,0.018295597604697,-221072.0,0.05256693
2.8,47367.73,0.0,-21285.69764906,0.01522469831853,-229861.0,0.033880589999999995
3.0,36992.54,0.0,-22472.397872280002,0.016073298478119998,-249221.3,0.026459080000000003
3.2,24474.64,0.0,-22238.29814986,0.01590609867669,-278521.0,0.01750534
3.4,10779.400000000001,0.0,-20165.5984628,0.01442369890059,-315005.0,0.007710729999999999
3.6,-2705.730000000003,0.0,-16018.398782200002,0.01145719912901,-353962.0,-0.0019353499999999954
3.8,-14348.760000000002,0.0,-9826.7990723,-0.00234289977884,-389700.0,0.0034210700000000017
4.0,-22518.14,0.0,-1916.1992964,0.0,-416779.0,0.0
4.2,-25866.660000000003,0.0,7127.200578,0.00169940013779,-431407.0,0.006167280000000001
4.4,-23544.809999999998,0.0,16552.5005731,0.00394650013664,-432148.0,0.005613739999999999
4.6,-15287.79,0.0,25566.9006993,0.00609560016671,-419985.0,0.0036447799999999985
4.8,-1369.6900000000023,0.0,33456.50095475,0.01595320045524,-397452.0,0.0006538800000000025
5.0,17567.910000000003,0.0,39658.70132908,0.01891020063378,-367462.6,-0.00837711
5.2,40716.40273,0.0,43771.601807603,0.020872100861925,-332159.364,-0.019415178909999997
5.4,67252.36,0.0,45501.90237397,-0.01084910056599,-292253.1,0.016034286
5.6,96377.51999999999,0.0,44590.3030117,-0.031893802154099996,-247024.0,0.0689354
5.8,127214.79000000001,0.0,40742.1037023,-0.029141602648099996,-195088.0,0.09099181
6.0,158614.14,0.0,33631.804421299996,-0.0240552031623,-135615.0,0.11344952
6.2,188952.6,0.0,22970.9051335,-0.01095300244782,-69858.0,0.09009883
6.4,216024.3,0.0,8651.6057915,-0.0041252027616,-2518.0,0.10300803
6.6,237124.1,0.0,-9075.1936639,0.0043273969788,57602.0,0.11307009999999999
6.8,249354.0,0.0,-29455.1932974,0.0140454968039,98084.0,0.1189016
7.0,250100.4,0.0,-51175.6931692,0.0122012983714,104874.0,0.059628280000000006
7.2,237622.8,0.0,-72437.2933232,0.017270198408139998,65895.0,0.05665400999999999
7.4,211561.2,0.0,-91168.393776,-0.0434722970322,-25008.0,-0.100879
7.6,173237.1,0.0,-105345.0945091,-0.05023249738172,-164670.0,-0.0826058
7.8,125619.5,0.0,-113342.19546793,-0.05404509783895,-339693.0,-0.05990007
8.0,72963.62999999999,0.0,-114221.3965689,-0.05446339836387,-528367.7,-0.034791310000000006
8.2,20156.039999999994,0.0,-107896.6977105,-0.05144749890828,-705349.0,-0.009610000000000006
8.4,-28036.899999999994,0.0,-95126.5987897,-0.0453601994229,-847222.0,0.013367709999999998
8.6,-67660.6,0.0,-77371.5997163,-0.0368939998646,-937497.0,0.0322629
8.8,-96063.1,0.0,-56500.5004245,-0.01347040010122,-969026.0,0.02290363
9.0,-112092.9,0.0,-34495.5008794,0.00822430020968,-944055.0,-0.026725050000000004
9.2,-115997.6,0.0,-13178.2010759,0.0125678010261,-871946.0,-0.11062300000000001
9.4,-109125.2,0.0,5988.3989664,-0.00142789975358,-765885.0,-0.026018049999999997
9.6,-93490.0,0.0,21995.699210799998,-0.00524429981183,-639640.0,-0.02229032
9.8,-71355.95999999999,0.0,34283.9996128,-0.00817369990768,-505106.0,-0.01701241
10.0,-44891.76,0.0,42659.9001276,0.0,-371063.0,0.0
10.2,-15996.25,0.0,47197.3007142,0.0,-242895.0,0.0
10.4,13740.169999999998,0.0,48151.0013369,0.0,-122976.0,0.0
10.6,43126.925,0.0,45742.001968372,0.0,-11972.200000000012,0.0
10.8,71052.39499999999,0.0,40164.40258264,0.0,89553.20000000001,0.0
11.0,96296.51999999999,0.0,31621.9031519,0.0,180014.0,0.0
11.2,117437.93,0.0,20406.7036437,0.0,255722.0,0.0
11.4,132864.0,0.0,6995.304021,0.0,310715.0,0.0
11.6,140943.07,0.0,-7855.795754,0.0,336944.0,0.0
11.8,140307.96,0.0,-23071.7957149,0.0,325833.0,0.0
12.0,130243.04000000001,0.0,-37297.795882,0.0,270683.0,0.0
12.2,111045.55,0.0,-49032.5962551,0.02338089821422,169357.0,0.05295025
12.4,84233.16,0.0,-56859.79680686,0.027113098477389998,26858.399999999994,0.04016491
12.6,52529.82,0.0,-59706.69748374,0.01423479940007,-144004.1,0.012523999
12.8,19550.08,0.0,-57083.09821024,-0.02721969914656,-324154.0,-0.009321760000000002
13.0,-10772.800000000003,0.0,-49217.898901,-0.023468799475969998,-492200.0,0.0051370399999999955
13.2,-34857.6,0.0,-37036.3994754,-0.017660199749860002,-629380.0,0.01662088
13.4,-50093.4,0.0,-21990.4998708,-0.0104859999384,-723786.0,0.02388705
13.6,-55204.5,0.0,-5771.550052,-0.0027521000247999997,-772011.0,0.0263247
13.8,-50275.89,0.0,9999.899986699998,0.0047683999936000004,-778186.0,0.023973650000000003
14.0,-36459.83,0.0,24020.2002272,0.011453700108309999,-750947.0,0.017384860000000002
14.2,-15500.29,0.0,35425.9006362,0.033784200606699996,-699800.0,0.014782860000000002
14.4,10768.07,0.0,43766.30117716,0.05217430140335,-632461.6,-0.012836299999999998
14.6,40792.3,0.0,48873.101817373,0.058260702166464,-553342.86,-0.04862808800000001
14.8,73398.35,0.0,50662.40253137,0.07247300362106,-463670.4,-0.10499668
15.0,107636.3,0.0,48985.5032978,0.0700740047175,-362764.19999999995,-0.15397666
15.2,142440.38,0.0,43559.4040931,0.062312005855099994,-250000.0,-0.20376186000000002
15.4,176230.68,0.0,34042.4048823,0.0486970069841,-127055.0,-0.2521
15.6,206673.1,0.0,20226.105614300002,0.028935008031300002,-58.0,-0.29565379999999997
15.8,230693.3,0.0,2297.2062214,0.0027382074165000023,119199.0,-0.2750026
16.0,244842.2,0.0,-18934.1933736,-0.0225712921008,213474.0,-0.2918725
16.2,245955.5,0.0,-41915.7932441,-0.0499671919463,262742.0,-0.29319660000000003
16.4,231997.0,0.0,-64432.893441399996,-0.0768103921815,249123.0,-0.2765617
16.6,202785.1,0.0,-83914.6939788,-0.1400509899509,163428.0,-0.3384385
16.8,160418.8,0.0,-97892.194821,-0.1633719913566,10496.0,-0.26773020000000003
17.0,109140.7,0.0,-104519.89588541,-0.17443799313310002,-189243.1,-0.18215069999999997
17.2,54667.259999999995,0.0,-102986.0970541,-0.17187499508353,-403789.5,-0.09123488000000002
17.4,3100.899999999994,0.0,-93686.598196,-0.1786919965591,-598020.0,-0.005916899999999975
17.6,-40219.899999999994,0.0,-78109.0991916,-0.148981998458,-743219.0,0.07670800000000003
17.8,-71629.1,0.0,-58470.4999535,-0.1254649999,-823461.0,0.15369190000000002
18.0,-89546.5,0.0,-37232.3004372,-0.1065240012508,-837276.0,0.25618810000000003
18.2,-94373.9,0.0,-16644.7006411,-0.0476200018341,-794518.0,0.2700017
18.4,-87975.9,0.0,1573.4994033999992,0.004501998293199996,-711011.0,0.2517032
18.6,-72992.2,0.0,16359.5996457,0.0468049989866,-603546.0,0.20883690000000002
18.8,-52179.95,0.0,27257.90003,0.0779870000861,-486283.0,0.14928780000000003
19.0,-27992.97,0.0,34261.400504799996,0.0980260014445,-369369.0,0.08008109999999999
19.2,-2381.3799999999974,0.0,37613.5010276,0.10761600294020002,-259051.0,0.0068161999999999945
19.4,23136.83,0.0,37650.40156443,0.10772000447579999,-158795.7,-0.06619966999999999
19.6,47306.11699999999,0.0,34723.002086052,0.099345005968351,-70771.20000000001,-0.13534597999999998
19.8,68953.176,0.0,29199.40256527,0.06265600550440001,2799.5,-0.14795873
20.0,86896.01999999999,0.0,21527.40297409,0.0307960042545,58890.29999999999,-0.12430676
20.2,100013.38,0.0,12301.2032857,0.0,93684.0,0.0
20.4,107414.42,0.0,2292.0034780000005,-0.0005465008292200001,103332.0,0.02560972
20.6,108677.39,0.0,-7584.6264613,0.0,85502.0,0.0
20.8,104036.01000000001,0.0,-16381.096530399998,0.0,40804.0,0.0
21.0,94434.33,0.0,-23263.59671189,0.0,-26396.0,0.0
21.2,81411.84,0.0,-27654.99697506,0.0,-108276.6,0.0
21.4,66852.31,0.0,-29333.39728038,0.0,-194981.8,0.0
21.6,52655.35999999999,0.0,-28442.99758711,0.0,-276686.1,0.0
21.8,40432.119999999995,0.0,-25439.29785937,0.006065299489626,-345500.9,0.009639662
22.0,31289.4,0.0,-20969.69807123,0.00499959954015,-396681.3,0.007459529000000001
22.2,25758.269999999997,0.0,-15746.098208849999,0.00375409957297,-428861.2,0.006141053999999998
22.4,23837.86,0.0,-10425.3982699,0.00745679876251,-443470.7,0.017050439999999993
22.6,25110.989999999998,0.0,-5534.198261000001,0.00395840875619,-443778.5,0.017961690000000002
22.8,28912.550000000003,0.0,-1434.0981948100007,0.0010256987087899996,-433992.2,0.020679869999999996
23.0,34460.020000000004,0.0,1681.5019128500007,0.0,-418401.7,0.0
23.2,40978.25,0.0,3764.0020457599994,0.0,-400910.7,0.0
23.4,47770.51500000001,0.0,4883.902188843,0.0,-384723.8,0.0
23.6,54270.903999999995,0.0,5194.902329556,0.0,-372227.0,0.0
23.8,60077.632000000005,0.0,4910.1024586,0.0,-364839.1,0.0
24.0,64981.86,0.0,4266.80257065,0.0,-362948.0,0.0
24.2,68971.31,0.0,3495.0026647700006,0.0,-365862.9,0.0
24.4,72217.77,0.0,2782.1027438699994,0.0,-371832.7,0.0
24.6,75044.41,0.0,2245.2028148499994,0.0005353006711199999,-378277.1,-0.017891524
24.8,77856.87,0.0,1906.5028863400003,0.00045450068816000016,-382094.6,-0.018562632
25.0,81068.66,0.0,1686.5029674999996,0.0004021007075100001,-380134.2,-0.019327854999999998
25.2,85010.20999999999,0.0,1412.1030660800006,0.00033660073101,-369650.0,-0.02026774
25.4,89861.01000000001,0.0,838.5031865299998,0.00019990075973000008,-348721.0,-0.0214244
25.6,95584.0,0.0,-319.29667122999945,-7.619920635999994e-05,-316594.1,-0.022789180000000003
25.8,101896.97,0.0,-2346.5965128,-0.0005594991685900002,-273894.0,-0.024294510000000002
26.0,108246.72,0.0,-5485.9963499000005,-0.00130794912973,-222760.0,-0.025808530000000003
26.2,113825.47,0.0,-9888.896199899998,-0.002357649094,-166967.0,-0.027137690000000003
26.4,117613.69,0.0,-15565.0960859,-0.011132997200360002,-111818.0,-0.08412291
26.6,118473.11,0.0,-22336.8960335,-0.01597729716297,-63886.0,-0.08473789
26.8,115289.34,0.0,-29806.8960691,-0.042638994376700004,-30474.0,-0.16492234
27.0,107167.17,0.0,-37348.09621436,-0.0534269945847,-18537.400000000023,-0.15330303
27.2,93651.84,0.0,-44149.49648279,-0.06315649496853,-33374.70000000001,-0.13396992000000002
27.4,74930.54999999999,0.0,-49297.19687363,-0.023506798509241,-77210.9,-0.035729436
27.6,51951.58,0.0,-51913.09736964,-0.037130698118580004,-147896.2,-0.03715869
27.8,26426.119999999995,0.0,-51309.197936309996,-0.036698998523979995,-238528.3,-0.018900069999999998
28.0,646.1999999999971,0.0,-47137.998525,-0.02247709929661,-338309.0,-0.0003070599999999979
28.2,-22822.1,0.0,-39487.8990793,0.0,-434476.0,0.0
28.4,-41546.5,0.0,-28899.599543700002,0.0,-514936.0,0.0
28.6,-53620.9,0.0,-16283.0998727,-0.0077643999394000004,-570825.0,0.025567710000000004
28.8,-57938.3,0.0,-2769.9000367999997,-0.0013208000175000002,-597912.0,0.02762724
29.0,-54286.7,0.0,10476.6999741,0.0049958999876,-596543.0,0.025885520000000002
29.2,-43245.61,0.0,22432.8001526,0.0106972000728,-570550.0,0.020619840000000004
29.4,-25945.43,0.0,32323.2004781,0.030825200456000002,-525160.0,0.024742700000000006
29.6,-3756.3899999999994,0.0,39649.0009235,0.0378124008808,-465350.0,0.00358112
29.8,21974.61,0.0,44147.301461,0.04210220139328,-394598.9,-0.020957304999999992
30.0,50061.399,0.0,45688.70206489,0.0435718019693,-314573.60000000003,-0.047742800999999994
30.2,79475.29000000001,0.0,44177.5027128,0.04213050258721,-225565.0,-0.07579357
30.4,109185.68,0.0,39489.6033818,0.0470753040314,-127625.0,-0.1301583
30.6,137950.71,0.0,31474.5040444,0.0375213048214,-21966.0,-0.16445011
30.8,164114.2,0.0,20045.1046641,0.0238953055601,87545.0,-0.19564140000000002
31.0,185545.2,0.0,5312.205193700001,0.007599007429600001,193210.0,-0.2654259
31.2,199744.9,0.0,-12242.6944228,-0.0145943933515,283352.0,-0.238116
31.4,204203.1,0.0,-31654.1942431,-0.0150937972549,343054.0,-0.09737255
31.6,196883.9,0.0,-51440.4943164,-0.01226429864494,356903.0,-0.04694065
31.8,176811.7,0.0,-69712.2946712,-0.01662029872951,312926.0,-0.04215518
32.0,144532.5,0.0,-84414.5953042,-0.020125598880420002,206807.0,-0.03445902
32.2,102332.23,0.0,-93669.99617445,0.044665698175809995,45328.20000000001,0.04879633
32.4,54093.5,0.0,-96144.59720514,0.06876779800096999,-153433.50000000003,0.03869008
32.6,4761.0,0.0,-91329.4982933,0.0653241987792,-363240.0,0.0034039000000000014
32.8,-40464.399999999994,0.0,-79667.5993256,0.0569830995176,-555895.0,-0.028941899999999993
33.0,-77013.2,0.0,-62476.0001983,0.0446859001418,-708166.0,-0.05508400000000001
33.2,-101671.7,0.0,-41683.5008331,0.029814200595900002,-806823.0,-0.0727217
33.4,-112982.8,0.0,-19458.4011881,0.013917400849800001,-850084.0,-0.08081079999999999
33.6,-111227.6,0.0,2170.598741500001,-0.0025871984998999988,-845838.0,-0.1325928
33.8,-98040.9,0.0,21605.4989296,-0.025756198723900003,-807271.0,-0.1168729
34.0,-75814.23000000001,0.0,37833.3993306,-0.0270602995212,-748431.0,-0.05422710000000001
34.2,-47067.35,0.0,50402.899894199996,-0.0480678998991,-680554.0,-0.044888689999999995
34.4,-13945.550000000003,0.0,59290.9005749,-0.04240790041126,-610410.0,-0.00997584
34.6,22033.513,0.0,64672.60133952,-0.03083860063872,-539866.6,0.010506946
34.8,59961.369,0.0,66709.80216656,-0.04771440154958,-466883.9,0.042888897999999995
35.0,99268.36,0.0,65386.9030419,-0.1091260050768,-387158.0,0.16567088000000002
35.2,139317.54,0.0,60466.9039505,-0.08649900565129999,-296228.0,0.19929409999999997
35.4,179008.08000000002,0.0,51568.5048677,-0.14753601392649998,-191584.0,0.5121442
35.6,216496.8,0.0,38344.2057532,-0.10970001645979999,-74588.0,0.6193985
35.8,249153.9,0.0,20715.6065501,-0.054330017178299994,48118.0,0.6534442
36.0,273788.6,0.0,-901.0928115999995,0.0019329845748999978,164292.0,0.5875001
36.2,287164.2,0.0,-25459.2924047,0.0546299837018,257312.0,0.6161718999999999
36.4,286536.7,0.0,-51275.2922925,0.1100249834618,309237.0,0.614852
36.6,270464.9,0.0,-76183.1925144,0.18163798215299998,305330.0,0.6448486
36.8,239154.0,0.0,-97840.0930751,0.2332649834899,239083.0,0.5701886
37.0,194719.2,0.0,-114107.5939395,0.21763898844049998,115426.0,0.3714098
37.2,140955.4,0.0,-123414.095035,0.23538799053,-48812.0,0.2688566
37.4,82776.73999999999,0.0,-125048.1962624,0.23850799287111,-228403.6,0.1578862
37.6,25408.5,0.0,-119245.8975117,0.22744099525400002,-395706.0,0.0484617
37.8,-26427.899999999994,0.0,-107099.3986794,0.2553499968512,-527297.0,-0.0630163
38.0,-69192.1,0.0,-90304.5996831,0.1076518996223,-608760.0,-0.0824825
38.2,-100862.8,0.0,-70815.5004712,0.0844190005617,-636502.0,-0.1202306
38.4,-120973.8,0.0,-50531.001024,0.0843330017089,-616477.0,-0.20188720000000004
38.6,-130332.1,0.0,-31023.801349499998,0.0517770022522,-560939.0,-0.21752400000000002
38.8,-130583.4,0.0,-13398.7014755,0.0223620024626,-484671.0,-0.21794370000000002
39.0,-123734.9,0.0,1736.2985605999993,-0.0028979975977,-401778.0,-0.20651129999999998
39.2,-111737.6,0.0,14199.0987206,-0.023696997864800003,-323619.0,-0.18649059999999998
39.4,-96235.5,0.0,24111.0989712,-0.0862299963205,-257906.1,-0.3441552
39.6,-78435.5,0.0,31755.2992867,-0.11356499744929999,-208784.0,-0.28050430000000004
39.8,-59134.02,0.0,37460.8996499,-0.11610999891490001,-177437.0,-0.1832914
40.0,-38821.82,0.0,41518.500049,-0.1286810001518,-162982.0,-0.1203324
40.2,-17812.589999999997,0.0,44143.100476,-0.1368190014753,-163342.0,-0.055209599999999984
40.4,3633.779999999999,0.0,45480.30092405,-0.140967002864,-175941.0,0.011269140000000018
40.6,25247.482000000004,0.0,45625.50138598,-0.13053800396518,-198179.5,0.07223677
40.8,46711.757,0.0,44660.60185382,-0.12777900530382,-227518.59999999998,0.13364177
41.0,67699.97,0.0,42673.40231981,-0.1220900066369,-261557.7,0.19369148000000003
41.2,87914.72,0.0,39769.1027767,-0.1042950072821,-297732.2,0.23056771
41.4,107135.55,0.0,36063.7032193,-0.0945830084429,-333235.0,0.28097150000000004
41.6,125246.29000000001,0.0,31659.603645,-0.0830300095595,-364839.0,0.3284785
41.8,142241.07,0.0,26619.4040536,-0.0761580115974,-388971.0,0.406951
42.0,158163.1,0.0,20941.1044462,-0.05492001166069999,-401954.0,0.41480950000000005
42.2,173049.7,0.0,14541.2048237,-0.027735009200500003,-400441.0,0.330072
42.4,186813.5,0.0,7258.8051844,-0.0103840074164,-382020.0,0.267241
42.6,199147.9,0.0,-1112.1944783,0.0015913921012999984,-345831.69999999995,0.28487470000000004
42.8,209425.7,0.0,-10773.6941785,0.0154118916723,-293275.0,0.29958819999999997
43.0,216670.9,0.0,-21840.1939381,0.0312429913283,-228448.0,0.3099487
43.2,219600.8,0.0,-34251.7937864,0.0489979911115,-158331.0,0.31413349999999995
43.4,216739.7,0.0,-47690.593758200004,0.0682229910712,-92448.0,0.3100475
43.6,206680.3,0.0,-61530.5938879,0.0880199912566,-41747.0,0.2956607
43.8,188358.4,0.0,-74833.0942033,0.1070499917078,-16988.0,0.2694458
44.0,161402.4,0.0,-86424.3947186,0.1236289924449,-26272.0,0.23088920000000002
44.2,126380.53,0.0,-95028.6954276,0.1359429934591,-72852.5,0.18079103000000002
44.4,84952.9,0.0,-99477.796300063,0.071152097353591,-153393.8,0.06076366999999999
44.6,39792.8,0.0,-98912.89728251,0.0471655987042,-257749.0,0.018973929999999993
44.8,-5692.199999999997,0.0,-92981.9983028,0.04433739919075,-370535.0,-0.0027150199999999985
45.0,-47829.3,0.0,-81933.79928020001,0.0781376993136,-474418.0,-0.04561370000000001
45.2,-83224.0,0.0,-66613.8001368,0.1111750002284,-553968.0,-0.13889170000000003
45.4,-109275.6,0.0,-48337.2008095,0.10372100173679999,-599150.0,-0.2344901
45.6,-124518.9,0.0,-28672.801257799998,0.0546890023991,-606925.0,-0.2374911
45.8,-128730.3,0.0,-9195.5014685,0.019731803151,-581038.0,-0.2762321
46.0,-122793.5,0.0,8737.198547299999,-0.0229149961901,-529915.0,-0.3220402
46.2,-108358.8,0.0,24139.49876,-0.080576995861,-463936.0,-0.36169919999999994
46.4,-87451.0,0.0,36446.09913,-0.1303359968886,-392882.0,-0.31274919999999995
46.6,-62057.77,0.0,45476.3996159,-0.15178999871809998,-324134.0,-0.20712879999999997
46.8,-33864.62,0.0,51318.5001819,-0.1712930006071,-261901.0,-0.1130504
47.0,-4151.0999999999985,0.0,54187.70079918,-0.18086800266750003,-207384.0,-0.013855200000000012
47.2,26168.352000000003,0.0,54301.8014466,-0.1812480048286,-159626.09999999998,0.08734289
47.4,56362.89199999999,0.0,51803.10210678,-0.172913007032,-116686.5,0.18812727999999998
47.6,85660.72,0.0,46752.9027614,-0.1560530092172,-76907.0,0.28592149
47.8,113076.57,0.0,39190.4033878,-0.13081201130800002,-40088.0,0.3774207
48.0,137324.66,0.0,29234.5039569,-0.0975800132076,-8187.0,0.4583623
48.2,156890.1,0.0,17199.1044345,-0.06560901691610001,14529.0,0.5984999
48.4,170245.4,0.0,3666.6047852,-0.016607021676199995,22158.0,0.7711944
48.6,176131.4,0.0,-10495.695020899999,0.047544977445,8579.0,0.7978622999999999
48.8,173890.8,0.0,-24201.4950017,0.109632977358,-30650.0,0.7877223
49.0,163697.3,0.0,-36290.995158,0.164395978066,-96219.0,0.7415466000000001
49.2,146639.5,0.0,-45706.595470500004,0.2070479794816,-184082.0,0.6642701
49.4,124623.9,0.0,-51680.6959019,0.234115981436,-285362.0,0.5645538
49.6,100097.23,0.0,-53865.09640196,0.2440019837007,-387960.0,0.45344049999999997
49.8,75659.46,0.0,-52377.49691553,0.26223698455628996,-478964.6,0.378812
50.0,53662.89,0.0,-47767.29739084,0.2277769875588,-547349.7,0.2558785700000001
50.2,35895.93,0.0,-40896.29778706,0.1950079894474,-585888.8,0.17116747
50.4,23397.14,0.0,-32781.19807818,0.1484919912943,-592137.5,0.1059914
50.6,16428.93,0.0,-24435.7982548,0.1106929920947,-567949.8,0.07440979999999997
50.8,14569.25,0.0,-16744.998322599997,0.0718619928017,-518546.0,0.06252849999999999
51.0,16901.239999999998,0.0,-10379.8982983,0.0445449926965,-451194.0,0.07253720000000001
51.2,22196.910000000003,0.0,-5765.39820626,0.026117591874699995,-373924.0,0.10055360000000002
51.4,29101.760000000002,0.0,-3083.09807481,0.011025993115000004,-294774.7,0.10407609999999998
51.6,36262.18,0.0,-2290.1979326700002,0.008189992606600003,-221267.0,0.12968220000000003
51.8,42435.780000000006,0.0,-3148.5978071199997,0.011259992157899999,-160127.3,0.15176499999999998
52.0,46579.68,0.0,-5251.697722020001,0.01878179185348,-117119.0,0.16658030000000001
52.2,47924.420000000006,0.0,-8053.187695569999,0.0288005917587,-96720.90000000002,0.17138809999999996
52.4,46076.009999999995,0.0,-10910.09773824,0.04161899137189,-101653.40000000002,0.1757637
52.6,41095.83000000001,0.0,-13142.29785068,0.0469999923136,-132258.0,0.1469758
52.8,33550.4,0.0,-14114.59802282,0.0471129934005,-186052.0,0.11198369999999999
53.0,24488.08,0.0,-13332.298233360001,0.0476799936821,-257615.69,0.0875717
53.2,15327.75,0.0,-10530.89845213,0.0376619944645,-339054.0,0.054814399999999985
53.4,7661.4100000000035,0.0,-5732.6986443099995,0.020501595151600004,-421162.0,0.027400199999999986
53.6,3009.8700000000026,0.0,744.5012245999997,-0.0026620043794,-494961.0,0.010766599999999987
53.8,2575.769999999997,0.0,8337.0011832,-0.037768005359999995,-553125.0,0.011666700000000002
54.0,7092.629999999997,0.0,16333.9012504,-0.07398700566409999,-590830.1,0.03213189999999999
54.2,16773.5,0.0,23983.10143414,-0.1086450064968,-605759.1,0.07598924999999998
54.4,31379.345,0.0,30592.50173235,-0.1385820078477,-597479.8,0.142153085
54.6,50366.02,0.0,35579.202135568,-0.20359101221971002,-566422.0,0.28819669000000003
54.8,73030.73000000001,0.0,38472.90263038,-0.22015101505100002,-512957.0,0.4178781
55.0,98605.08,0.0,38869.3032011,-0.22241401831619997,-437025.0,0.5642254999999999
55.2,126233.86,0.0,36376.1038298,-0.20815302191479998,-338377.0,0.7223288
55.4,154848.08000000002,0.0,30589.4044938,-0.17503802571399998,-217476.0,0.8860423
55.6,182962.9,0.0,21119.405161,-0.12084602953100002,-76857.0,1.0469154999999999
55.8,208515.6,0.0,7699.205786699999,-0.047724035871,77370.0,1.292567
56.0,228816.5,0.0,-9651.5936883,0.059828960875000003,234218.0,1.4184
56.2,240709.1,0.0,-30433.8933343,0.188657958681,377384.0,1.492127
56.4,240988.4,0.0,-53526.993225,0.319049959617,486358.0,1.43641
56.6,227015.0,0.0,-77144.0934238,0.459809960803,539420.0,1.353119
56.8,197440.4,0.0,-98952.2939695,0.471839971244,518788.0,0.9414636999999999
57.0,152833.66999999998,0.0,-116373.6948609,0.5549229754942,416722.0,0.7287604999999999
57.2,96006.76,0.0,-127022.99604822,0.6056939811564,240178.1,0.4577945
57.4,31869.5,0.0,-129174.4974348,0.6159409877684,12002.0,0.1519657
57.6,-33235.5,0.0,-122155.1988881,0.640743994168,-233337.0,-0.174334
57.8,-92598.9,0.0,-106556.7002617,0.457292001123,-458328.0,-0.39740200000000003
58.0,-140347.5,0.0,-84090.3014213,0.421017007117,-632414.0,-0.702642
58.2,-172401.7,0.0,-57282.102267199996,0.30046001189199995,-739269.0,-0.9042659999999999
58.4,-187099.6,0.0,-28952.5027481,0.15876801507,-778964.0,-1.02597
58.6,-185088.1,0.0,-1699.3028641,0.009319015705,-764668.0,-1.01497
58.8,-168872.7,0.0,22503.6973434,-0.13949698353200002,-716502.0,-1.046795
59.0,-141895.5,0.0,42508.097808,-0.263504986412,-654835.0,-0.8796101
59.2,-107737.78,0.0,57976.2984569,-0.34556199080219996,-595453.0,-0.6421832000000001
59.4,-69347.238,0.0,69184.5992273,-0.4123719953942,-547382.0,-0.41333274000000003
59.6,-28645.38,0.0,76723.6000757,-0.45730900045090006,-512557.0,-0.17075146000000002
59.8,13497.459000000003,0.0,81178.90098025001,-0.40645100490790004,-487119.5,0.06757474000000002
60.0,57013.78,0.0,82882.90193602,-0.4149760096933,-463278.9,0.28545224
60.2,102150.23,0.0,81780.8029453,-0.4484530161507,-431510.0,0.5601419
60.4,148934.4,0.0,77445.8040066,-0.443150022926,-382655.0,0.8522094
60.6,196744.1,0.0,69219.905106,-0.429090031651,-309851.0,1.2195827000000001
60.8,244040.77,0.0,56441.0062107,-0.3498690385,-210228.0,1.5127693
61.0,288376.6,0.0,38683.907269,-0.23979904506000002,-86110.0,1.787569
61.2,326561.6,0.0,15977.4082143,-0.09523004896099999,54420.0,1.9464990000000002
61.4,355162.3,0.0,-11073.091027999999,0.068639944384,197879.0,2.2016470000000004
61.6,370883.3,0.0,-41255.8905305,0.226229948073,326917.0,2.0337959999999997
61.8,371113.0,0.0,-72843.890354,0.399448947105,423011.0,2.0350129999999997
62.0,354276.6,0.0,-103766.1905401,0.5442749503809999,469712.0,1.8582999999999998
62.2,320213.6,0.0,-131822.6911043,0.7228949512189999,455741.0,1.7559360000000002
62.4,270123.3,0.0,-154941.6920337,0.8496419563150001,377569.0,1.481246
62.6,206605.7,0.0,-171341.6932862,0.817023967986,240377.0,0.9851510000000001
62.8,133414.89,0.0,-179747.69479311,0.89995197393,57692.8,0.6679767
63.0,55195.399999999994,0.0,-179472.2964638,0.8985949822952001,-150373.0,0.2763464
63.2,-22929.100000000006,0.0,-170496.4981917,0.813011991378,-359975.0,-0.109354
63.4,-95772.6,0.0,-153459.0998635,0.7317559993489999,-547112.0,-0.45667399999999997
63.6,-158544.1,0.0,-129627.1013688,0.710803007506,-691361.0,-0.869421
63.8,-207365.1,0.0,-100767.5026107,0.672696017429,-779183.0,-1.3842530000000002
64.0,-239573.0,0.0,-69033.8035174,0.46084902348199996,-806100.0,-1.5993529999999998
64.2,-254132.4,0.0,-36696.9040492,0.244978027031,-777097.0,-1.696621
64.4,-251602.9,0.0,-5919.4042027,0.031049122044,-705138.0,-1.3197420000000002
64.6,-234007.0,0.0,21503.7959912,-0.112796978973,-608027.0,-1.227441
64.8,-204441.0,0.0,44337.2964745,-0.264270978986,-504624.0,-1.2185289
65.0,-166464.49,0.0,62002.4971742,-0.369568983157,-411198.0,-0.9921737000000002
65.2,-123534.85,0.0,74572.1980165,-0.4622679877042,-338915.0,-0.7657848999999999
65.4,-78430.06,0.0,82616.498939,-0.5318249931703,-292628.89999999997,-0.5048824
65.6,-32853.84,0.0,86970.8999007,-0.5598569993604,-270909.10000000003,-0.211485
65.8,12617.919999999998,0.0,88438.70088409,-0.5271400052695999,-267009.7,0.07520892000000001
66.0,58314.229999999996,0.0,87525.90189221,-0.45909200992489996,-270461.7,0.3058769
66.2,104995.95999999999,0.0,84255.0029382,-0.4419370154113,-268980.0,0.5507299
66.4,153186.66,0.0,78134.504032,-0.40983202114850004,-250823.0,0.803484
66.6,202554.503,0.0,68296.5051668,-0.3907940295647,-207216.0,1.15901503
66.8,251455.95,0.0,53782.0063088,-0.3077470360997,-134926.0,1.4388652
67.0,296811.7,0.0,33923.6073936,-0.16175803525600002,-38432.0,1.4153017
67.2,334378.6,0.0,8712.3083313,-0.041541039727000004,68889.0,1.594455
67.4,359432.0,0.0,-20933.8909806,0.099821956992,165486.0,1.713942
67.6,367738.9,0.0,-53104.1906376,0.240555957589,225411.0,1.66588
67.8,356538.1,0.0,-85073.4907073,0.344809962335,224824.0,1.4451159999999998
68.0,325405.0,0.0,-113723.1912111,0.460925964377,150115.0,1.318872
68.2,276546.0,0.0,-136108.6921143,0.551647968038,4213.0,1.120875
68.4,214676.2,0.0,-150027.1933296,0.608083972963,-192013.5,0.870116
68.6,146089.3,0.0,-154475.7947313,0.4787839836702,-404599.0,0.4527958999999999
68.8,77520.19,0.0,-149745.99617964,0.4641289881591,-595931.2,0.24027289999999998
69.0,14933.800000000003,0.0,-137304.3975455,0.3928419929775,-735015.0,0.04272150000000001
69.2,-37412.8,0.0,-119404.1987316,0.3416269963713,-804580.0,-0.10704359999999996
69.4,-77383.7,0.0,-98557.7996832,0.281980999094,-803033.0,-0.22140120000000005
69.6,-104890.4,0.0,-77081.700388,0.22053400111,-741781.0,-0.30008500000000005
69.8,-121400.7,0.0,-56756.5008678,0.148851002276,-639955.0,-0.3183918
70.0,-129248.0,0.0,-38670.5011646,0.10141800305420001,-518929.0,-0.3389565
70.2,-130966.8,0.0,-23226.401327,0.060912003480099994,-397981.0,-0.3434705
70.4,-128726.1,0.0,-10284.8013976,0.026972603665200004,-291711.0,-0.33761019999999997
70.6,-124033.7,0.0,629.1985936000001,-0.0019499956411999989,-209068.0,-0.3844265
70.8,-117624.3,0.0,10112.7986318,-0.0337549954335,-153565.0,-0.39262410000000003
71.0,-109573.9,0.0,18701.598716,-0.062421995714800005,-124330.0,-0.36573429999999996
71.2,-99492.9,0.0,26750.6988547,-0.0956689959041,-117449.0,-0.35581999999999997
71.4,-86817.0,0.0,34380.4990601,-0.12295099663879999,-127551.0,-0.3104772
71.6,-71045.19,0.0,41489.9993431,-0.1483799976505,-149116.0,-0.25407860000000004
71.8,-51945.67,0.0,47818.299709,-0.1710129989593,-177589.0,-0.1857592
72.0,-29635.120000000003,0.0,53039.9001557,-0.2023340005941,-209734.0,-0.1130516
72.2,-4562.550000000003,0.0,56861.50067393,-0.2169080025708,-243577.0,-0.017401570000000005
72.4,22613.165,0.0,59093.90124956,-0.2536000053627,-277689.19999999995,0.09704959999999999
72.6,51215.537,0.0,59671.50186841,-0.22763400712740003,-310328.6,0.19536654999999997
72.8,80727.6,0.0,58622.7025194,-0.2935120126138,-338673.0,0.40418391
73.0,110891.47,0.0,55973.403197,-0.2802450160069,-358421.0,0.5551991000000001
73.2,141672.47,0.0,51642.7039011,-0.2708780204621,-364069.0,0.7430877
73.4,173049.1,0.0,45357.9046316,-0.2379120242937,-349859.69999999995,0.9076757
73.6,204698.5,0.0,36631.3053825,-0.1921370282328,-311351.0,1.0736862
73.8,235622.2,0.0,24857.0061332,-0.13038003217,-247285.0,1.2358958
74.0,263889.6,0.0,9502.4068424,-0.045311032627999986,-161637.0,1.258366
74.2,286635.5,0.0,-9622.0925523,0.04588196448700001,-64952.0,1.3667859999999998
74.4,300290.4,0.0,-32090.39213,0.153022962474,25426.0,1.4318629999999999
74.6,301260.3,0.0,-56686.9919731,0.28381695981099997,87294.0,1.508329
74.8,286758.9,0.0,-81398.5921491,0.407543960693,98153.0,1.4357669999999998
75.0,255728.0,0.0,-103642.192692,0.494202965153,41986.0,1.21942
75.2,209406.5,0.0,-120702.5935868,0.575573969419,-83868.0,0.9985330000000001
75.4,151537.7,0.0,-130299.4947636,0.6213379750304,-264694.0,0.7225789
75.6,87854.38,0.0,-131104.796106625,0.62518198143495,-470230.9,0.4189184
75.8,25050.58,0.0,-123076.0974746,0.5868759879583,-662457.0,0.11943779999999998
76.0,-30521.199999999997,0.0,-107454.3987274,0.5636259933250001,-806480.0,-0.16008250000000002
76.2,-74037.6,0.0,-86499.299753,0.494954998587,-879956.0,-0.42364699999999994
76.4,-102929.1,0.0,-62948.5004848,0.33018100254399996,-877231.0,-0.539877
76.6,-117006.8,0.0,-39482.4009069,0.20709100475599998,-807645.0,-0.613719
76.8,-118033.7,0.0,-18269.7010465,0.108897006237,-689942.0,-0.7035359999999999
77.0,-108983.9,0.0,-732.4009594999998,0.0043650057190000036,-545844.0,-0.649595
77.2,-93226.9,0.0,12498.2992863,-0.071516995916,-395242.0,-0.533442
77.4,-73894.9,0.0,21435.7996255,-0.127770997769,-253455.0,-0.44043790000000005
77.6,-53502.1,0.0,26532.8000044,-0.164467000027,-130730.0,-0.33165880000000003
77.8,-33854.1,0.0,28457.100382700002,-0.16961700228,-32934.0,-0.20179019999999998
78.0,-16125.46,0.0,27943.6007326,-0.15989600419230002,37265.0,-0.09228120000000001
78.2,-1046.75,0.0,25706.901036299998,-0.1470950059295,79066.0,-0.005980299999999994
78.4,10991.989999999998,0.0,22429.601282210002,-0.12833700733689998,92790.0,0.06288620000000002
78.6,19870.61,0.0,18764.80146537,-0.10290000803589999,79716.0,0.10896169999999998
78.8,25791.019999999997,0.0,15329.801587459999,-0.07675900794830001,42407.90000000002,0.129131
79.0,29305.580000000005,0.0,12663.40165828,-0.06641900869799999,-14830.700000000012,0.1537133
79.2,31316.759999999995,0.0,11152.50169555,-0.06115500929759999,-85730.9,0.17173149
79.4,32968.520000000004,0.0,10965.601723520002,-0.060129009451099995,-162550.0,0.18079191
79.6,35451.772,0.0,12020.90176809,-0.0659220096959,-237262.19999999998,0.19440063000000002
79.8,39803.282,0.0,14011.601853060001,-0.07683901016155,-302775.44,0.21827018999999998
80.0,46743.4,0.0,16473.601995999,-0.09033601094495002,-353872.8,0.25632259
80.2,56620.079999999994,0.0,18874.30220655,-0.1034940120994,-387433.7,0.3104852
80.4,69427.91,0.0,20679.502486819998,-0.1133950136374,-402037.0,0.3807239
80.6,84886.31,0.0,21393.002832719998,-0.1173090155335,-397459.0,0.4654883999999999
80.8,102459.51000000001,0.0,20550.503234,-0.11268901773450002,-374433.0,0.5618578000000001
81.0,121332.29000000001,0.0,17718.6036739,-0.1013850210225,-334779.0,0.694261
81.2,140312.4,0.0,12525.5041269,-0.07166602361400001,-282105.0,0.8028800999999999
81.4,157739.4,0.0,4739.3045567,-0.027119026074000005,-222619.0,0.9025766
81.6,171507.9,0.0,-5596.4950835,0.032023771868000005,-165690.0,0.981371
81.8,179262.9,0.0,-18026.1948472,0.107441969287,-123578.0,1.0684815
82.0,178795.7,0.0,-31582.3947862,0.188250968923,-109917.0,1.0657154
82.2,168611.1,0.0,-44822.994938,0.267167969828,-136662.0,1.0050006
82.4,148472.7,0.0,-55994.9953143,0.3070569743051,-209944.0,0.8141629
82.6,119763.24,0.0,-63361.1958914,0.3776649755109,-326452.0,0.7138482
82.8,85476.22,0.0,-65581.69660996,0.3752609806021,-471991.6,0.4890978
83.0,49766.78,0.0,-62052.49738264,0.3698619843992,-623940.2,0.29663256
83.2,17160.740000000005,0.0,-53073.1981109,0.3163459887406,-756885.7,0.10229649999999998
83.4,-8343.279999999999,0.0,-39795.598704,0.2182239928932,-849487.0,-0.045755199999999996
83.6,-24002.940000000002,0.0,-23956.3990958,0.131366995042,-889360.0,-0.13162940000000006
83.8,-28681.199999999997,0.0,-7506.3492541000005,0.041161995909,-874284.0,-0.1572793
84.0,-22750.739999999998,0.0,7744.600820700001,-0.04247000450099999,-809977.0,-0.12475520000000001
84.2,-7691.860000000001,0.0,20368.6011026,-0.1116960060465,-706200.0,-0.042183000000000026
84.4,14418.39,0.0,29388.50155088,-0.16115900850429998,-573266.7,0.07907409999999998
84.6,41342.863,0.0,34224.50211901,-0.1876760116199,-419983.8,0.22671551999999998
84.8,70864.75,0.0,34564.40275979,-0.1648170131596,-253357.5,0.3379044299999999
85.0,100753.72,0.0,30264.30342456,-0.14431201632930002,-79740.0,0.4804256
85.2,128601.34,0.0,21336.0040603,-0.0966500183931,93528.0,0.5825593
85.4,151669.93,0.0,8035.2046058000005,-0.0344820197665,256260.0,0.6509042
85.6,166930.56,0.0,-8968.895006899998,0.038490478572099994,394361.0,0.7163823
85.8,171413.7,0.0,-28444.094846400003,0.1220669778829,490577.0,0.7356118999999999
86.0,162798.83000000002,0.0,-48538.0949687,0.1735869820069,527209.0,0.5822145999999999
86.2,140154.78,0.0,-66920.695402,0.2393219835568,491387.2,0.5012335
86.4,104537.47366,0.0,-81113.1961326,0.2707399870908,381032.8981,0.348931581
86.6,59207.68,0.0,-88981.59709844,0.29700999031473996,208857.0,0.19762690000000002
86.8,9274.100000000006,0.0,-89222.8981954,0.3403559931158,1633.0,0.035370999999999986
87.0,-39213.8,0.0,-81699.3992944,0.2921809974765,-206103.0,-0.14025020000000002
87.2,-80477.7,0.0,-67485.7002677,0.241351000957,-382006.0,-0.2878145999999999
87.4,-110157.2,0.0,-48606.7010133,0.1738350036232,-504631.0,-0.393947
87.6,-126034.2,0.0,-27551.0014728,0.0919620049162,-567846.0,-0.4206795
87.8,-128153.3,0.0,-6720.361636,0.0160223039007,-579129.0,-0.3055354
88.0,-118355.5,0.0,12007.698466999998,-0.028629996345100002,-554064.0,-0.2821745
88.2,-99481.6,0.0,27512.7987823,-0.0918359959358,-510117.0,-0.33204069999999997
88.4,-74504.44,0.0,39416.1992496,-0.1409669973164,-461682.0,-0.2664423
88.6,-45875.53,0.0,47886.6998176,-0.1826709993043,-417735.0,-0.17499649999999997
88.8,-15205.18,0.0,53344.100451,-0.2034970017206,-381632.0,-0.058001510000000006
89.0,16672.93,0.0,56179.90113029,-0.2009120040421,-352377.3,0.059630059999999985
89.2,49370.945,0.0,56576.20184486,-0.17535800571805,-326625.7,0.15302099
89.4,82483.58,0.0,54470.2025842,-0.1947980092419,-300903.87999999995,0.29498756
89.6,115219.20999999999,0.0,49656.503329600004,-0.17758001190769998,-273491.0,0.4120467
89.8,146204.8,0.0,41972.504050100004,-0.1501060144842,-245658.0,0.5228703
90.0,173576.9,0.0,31504.1047039,-0.105153015701,-222021.0,0.5793775999999999
90.2,195296.7,0.0,18715.605245500003,-0.062470017508800005,-209578.0,0.6518824
90.4,209599.4,0.0,4483.0056342,-0.0149630188063,-215798.0,0.6996030999999999
90.6,215437.5,0.0,-10014.8941556,0.04059197631229999,-245968.0,0.8731853999999999
90.8,212769.9,0.0,-23492.6941287,0.095219976203,-300836.6,0.8623823000000002
91.0,202624.9,0.0,-34800.8942667,0.14104797676199998,-375417.0,0.8212720000000001
91.2,186904.1,0.0,-43139.9945321,0.174857977838,-459619.0,0.7575447000000001
91.4,168004.0,0.0,-48189.1948756,0.172337981674,-540388.0,0.6008298999999999
91.6,148355.2,0.0,-50122.695246,0.22705497846449998,-604648.0,0.6720371
91.8,130016.4,0.0,-49529.395598999996,0.22436498006390002,-642010.0,0.5889696000000001
92.0,114376.1,0.0,-47260.99590366,0.2140949814433,-646526.0,0.5181204
92.2,102031.11,0.0,-44259.49614544,0.2004959825393,-617084.0,0.46219560000000004
92.4,92817.98,0.0,-41395.796326280004,0.18752498335780002,-557142.0,0.4204664
92.6,85955.56,0.0,-39345.89646149,0.17823698397053,-473511.0,0.3893712
92.8,80249.9,0.0,-38514.596576151,0.1744659844898,-375248.2,0.36352578
93.0,74332.89,0.0,-39004.996699422,0.24178597953977002,-272350.4,0.46078606
93.2,66891.73000000001,0.0,-40627.596860210004,0.2518439805371,-174636.2,0.41465830000000004
93.4,56881.14,0.0,-42944.39708218,0.2662039819134,-90694.0,0.3526025
93.6,43685.45,0.0,-45337.4973803,0.27023298438529997,-26955.0,0.2603841
93.8,27236.300000000003,0.0,-47111.19775759,0.28080398663469996,12975.0,0.1623351
94.0,8057.199999999997,0.0,-47593.9982044,0.2496379905813,28863.0,0.042250699999999974
94.2,-12797.300000000003,0.0,-46247.4986989,0.2425799931754,23649.0,-0.06711959999999995
94.4,-33866.7,0.0,-42756.2992098,0.203876996232,2852.0,-0.1614774
94.6,-53503.9,0.0,-37076.7997007,0.17679499857199998,-26686.0,-0.255129
94.8,-70109.1,0.0,-29449.2001352,0.119360000548,-58171.0,-0.28415250000000003
95.0,-82362.9,0.0,-20344.1004818,0.08245700195299999,-86293.0,-0.33382950000000006
95.2,-89389.4,0.0,-10384.0007183,0.042088002911700007,-108015.0,-0.3623119
95.4,-90838.1,0.0,-239.30083329999889,0.0009700033779000035,-122814.0,-0.36818069999999997
95.6,-86853.7,0.0,9470.899173599999,-0.0338699970447,-132237.0,-0.31062229999999996
95.8,-77971.8,0.0,18253.1992939,-0.060926997643200004,-139106.0,-0.2602619
96.0,-64965.92,0.0,25777.3995132,-0.0614589988394,-146587.0,-0.1548814
96.2,-48693.32,0.0,31871.8998146,-0.0759889995579,-157377.0,-0.11610250000000001
96.4,-29967.300000000003,0.0,36495.8001811,-0.0870150004319,-173229.0,-0.07144770000000002
96.6,-9485.39,0.0,39686.20059807,-0.094625001426,-194818.0,-0.022614029999999993
96.8,12186.029999999999,0.0,41509.30105288,-0.07917200200813,-221783.6,0.02324432
97.0,34562.62899999999,0.0,42024.601534412,-0.070136002560734,-253165.91999999998,0.057682964
97.2,57197.33,0.0,41270.00203233,-0.06887600339182,-287714.1,0.0954555
97.4,79599.03,0.0,39267.60253537,-0.0655350042314,-324287.0,0.13284435
97.6,101217.78,0.0,36051.4030309,-0.060167005058500006,-362156.0,0.16892634
97.8,121441.9,0.0,31693.2035049,-0.0528940058494,-401057.0,0.20267739999999998
98.0,139630.64,0.0,26335.3039426,-0.043951006579900004,-441079.0,0.2330324
98.2,155201.5,0.0,20198.1043305,-0.0337080072272,-482403.0,0.2590201
98.4,167716.8,0.0,13577.0046579,-0.022658007773699997,-524893.0,0.2799064
98.6,176954.3,0.0,6808.804919100001,-0.011364008209499999,-567596.0,0.2953298
98.8,182967.2,0.0,233.10511360000055,-0.00038900853429999806,-608581.0,0.3053523
99.0,186073.5,0.0,-5862.2947525,0.009783491242400001,-644598.0,0.31053980000000003
99.2,186827.8,0.0,-11287.6946687,0.0188388911023,-671496.0,0.31181060000000005
99.4,185920.6,0.0,-15985.8946205,0.026678991021999998,-684437.0,0.3102875
99.6,184079.0,0.0,-20046.894593099998,0.047794987108700004,-678628.0,0.43887940000000003
99.8,181924.3,0.0,-23702.294573,0.05650998706089999,-650006.0,0.43374200000000007
100.0,179868.0,0.0,-27295.4945517,0.06507698701010001,-595897.0,0.4288293
100.2,178003.1,0.0,-31235.4945271,0.0521299908661,-515645.0,0.2970716
100.4,176049.4,0.0,-35932.9945055,0.00856699869001,-411020.0,0.04197364
100.6,173323.7,0.0,-41731.2945022,0.009949598689209999,-286529.0,0.04132476
100.8,168783.5,0.0,-48833.1945405,0.01164269869835,-149327.0,0.04024058
101.0,161106.2,0.0,-57224.8946507,0.01364369872462,-9114.0,0.03841074
101.2,148853.52000000002,0.0,-66628.1948661,0.01588569877598,122611.0,0.03549012
101.4,130696.0,0.0,-76460.09521889,0.1276069920207,233526.90000000002,0.21812027
101.6,105661.95000000001,0.0,-85854.39573399,0.14328699288028002,312146.4,0.17634025
101.8,73433.7,0.0,-93718.9964228,0.15641599402997,349668.0,0.12255490000000001
102.0,34577.0,0.0,-98861.2972778,0.1649909954569,342007.0,0.05770600000000001
102.2,-9325.100000000006,0.0,-100154.4982686,0.1671489971106,291245.0,-0.015563100000000024
102.4,-55684.8,0.0,-96738.3993419,0.16145499890159998,206152.0,-0.0929452
102.6,-101159.5,0.0,-88199.0004252,0.14719800070970002,100866.0,-0.16883610000000002
102.8,-142031.2,0.0,-74699.0014356,0.1246650023959,-7683.0,-0.23703970000000002
103.0,-174769.7,0.0,-57004.502291,0.09513700382349999,-103665.0,-0.2916889
103.2,-196588.2,0.0,-36398.2029229,0.060746004878200005,-176002.0,-0.32810469999999997
103.4,-205872.6,0.0,-14485.4032866,0.0241750054851,-220586.0,-0.3435793
103.6,-202346.6,0.0,7063.496632699999,-0.0117889943802,-240676.0,-0.3377082
103.8,-187134.8,0.0,26786.8968202,-0.0447049946931,-245036.0,-0.3123339
104.0,-162311.5,0.0,43635.4972373,-0.0728239953893,-244964.0,-0.2708863
104.2,-130445.43,0.0,57093.2978321,-0.0952819963819,-251126.0,-0.21771082999999997
104.4,-94090.9117,0.0,67156.0985509,-0.1601139965451,-271079.0,-0.22433609999999998
104.6,-55278.369999999995,0.0,74210.6993488,-0.1769309984476,-308012.0,-0.13179221
104.8,-15258.96,0.0,78830.60019681,-0.1691510004223,-360497.0,-0.03274085000000001
105.0,25553.037999999997,0.0,81545.70108284,-0.174981002323466,-423108.1,0.054831597999999995
105.2,67396.95999999999,0.0,82643.70200925,-0.17733600431129998,-487563.0,0.14461953
105.4,110803.91,0.0,82055.8029853,-0.1760720064056,-544137.0,0.23776111
105.6,156167.39,0.0,79338.9040181,-0.13241300670599998,-583100.0,0.26063857
105.8,203334.72999999998,0.0,73780.3051046,-0.12313000851929999,-596353.0,0.33934567000000004
106.0,251345.38,0.0,64575.006224900004,-0.1077760103889,-578602.0,0.41947371
106.2,298333.4,0.0,51055.2073408,-0.10955201575170001,-528601.0,0.6401751999999999
106.4,341708.9,0.0,32897.7083979,-0.05490401401509999,-449708.0,0.5702948999999999
106.6,378397.4,0.0,10274.909331899999,-0.0171480155747,-349900.0,0.6315099
106.8,405328.1,0.0,-16089.9899233,0.0268529831828,-240745.0,0.6764536
107.0,419853.4,0.0,-44967.0894266,0.07504698235400001,-135540.0,0.7007220000000001
107.2,420159.3,0.0,-74767.7892224,0.12478198201299999,-46950.0,0.7012179999999999
107.4,405472.6,0.0,-103742.8893348,0.1731349822003,15390.0,0.676696
107.6,376088.0,0.0,-130195.0897672,0.2172859829221,46388.0,0.627661
107.8,333293.5,0.0,-152663.790503,0.2547809841502,45790.0,0.556257
108.0,279184.6,0.0,-170031.09151,0.3243039838066,17473.0,0.532513
108.2,216264.9,0.0,-181564.3927445,0.34629898616120003,-32037.0,0.4124983
108.4,147360.93,0.0,-186891.09415527,-0.044558398606540005,-95071.0,-0.035134059999999995
108.6,75356.0,0.0,-185959.09568633,-0.04433619897153,-163916.0,-0.01796644
108.8,3163.800000000003,0.0,-178947.5972776,-0.04266319935097,-231177.0,-0.0007547899999999982
109.0,-66301.0,0.0,-166226.4988657,-0.039632699729499996,-289910.0,0.0158086
109.2,-130226.9,0.0,-148417.1003843,-0.0707685001833,-333622.0,0.062092100000000004
109.4,-185856.6,0.0,-126291.701767,-0.0602210008426,-356620.0,0.0886207
109.6,-230804.1,0.0,-100903.902951,-0.024057100703570002,-354930.0,0.05502800000000001
109.8,-263197.7,0.0,-73486.8038828,0.0876024046286,-327351.0,-0.31376360000000003
110.0,-281910.7,0.0,-45436.504524899996,0.054164805394100006,-276410.0,-0.33607170000000003
110.2,-286772.5,0.0,-18178.904860900002,0.0346740092709,-208691.0,-0.546981
110.4,-278580.9,0.0,6973.1951027,-0.0133009906591,-134101.0,-0.5313517
110.6,-259055.8,0.0,28985.7953368,-0.055286991105500005,-64298.0,-0.49412000000000006
110.8,-230556.5,0.0,47217.5957962,-0.09006399198199999,-10604.0,-0.43973769999999995
111.0,-195648.5,0.0,61477.9964272,-0.1172579931855,17926.0,-0.37314675
111.2,-156760.88,0.0,72003.9971767,-0.2231689912492,15875.0,-0.48586695
111.4,-115830.93,0.0,79345.0980008,-0.2270089942801,-17901.0,-0.3313956
111.6,-74049.2,0.0,84194.0988699,-0.2408809967668,-80436.0,-0.21185719999999997
111.8,-31863.92,0.0,87197.09977049,-0.2494709993436,-165343.0,-0.09116129999999999
112.0,10869.008000000002,0.0,88782.70070189,-0.33867900267748996,-263888.1,0.041463089999999994
112.2,54590.95,0.0,89058.50167054,-0.3397340063726,-366223.8,0.20825300000000002
112.4,99681.66,0.0,87797.00268259,-0.3558520108727,-462642.0,0.40402419999999994
112.6,146130.03,0.0,84513.1037368,-0.36269601603679996,-544661.0,0.6271282
112.8,193327.65,0.0,78614.2048201,-0.33737802068600004,-606015.0,0.8296749
113.0,240021.46,0.0,69582.3059065,-0.3152060267564,-643061.0,1.08729209
113.2,284466.02,0.0,57133.3069595,-0.25881103152650003,-654901.0,1.2886161
113.4,324688.3,0.0,41327.3079383,-0.1872120359604,-642848.0,1.4708423000000002
113.6,358874.3,0.0,22575.4088046,-0.10226703988369999,-609189.0,1.6256519999999999
113.8,385602.9,0.0,1567.4095287999999,-0.009342056796000003,-555891.0,2.298359
114.0,404129.9,0.0,-20880.0899058,0.124451939834,-483394.0,2.40883
114.2,414349.4,0.0,-44002.8895033,0.262277937435,-390192.0,2.469742
114.4,416580.9,0.0,-67243.7892598,0.400801935983,-273643.0,2.482978
114.6,411212.7,0.0,-90321.8891703,0.53836093545,-131990.0,2.450999
114.8,398351.4,0.0,-113209.3892384,0.674782935855,32950.0,2.374369
115.0,377463.0,0.0,-135979.6894823,1.069855917249,213113.0,2.9696670000000003
115.2,347194.0,0.0,-158567.1899394,1.2098289232439998,392710.0,2.6488709999999998
115.4,305614.2,0.0,-180543.1906617,1.4205109265279998,548504.0,2.404552
115.6,250663.5,0.0,-200846.5917063,1.580163934746,652721.0,1.972157
115.8,180899.53,0.0,-217732.9931177,1.7649459442104,678614.6,1.4663684000000001
116.0,96443.5,0.0,-228873.59490763,2.0735979538633,607990.0,0.8737529999999998
116.2,-213.6999999999971,0.0,-231701.8970349,2.099235973136,439261.0,-0.0019200000000001438
116.4,-103756.2,0.0,-223910.8993922,2.028562994493,192861.0,-0.939945
116.6,-206178.0,0.0,-204110.501808,1.84925701638,-89151.0,-1.8679299999999999
116.8,-297843.0,0.0,-172424.9040643,1.644391038759,-351280.0,-2.84044
117.0,-368986.0,0.0,-130781.8059312,1.340703060806,-539820.0,-3.7827300000000004
117.2,-411753.0,0.0,-82790.9072126,0.848767073951,-619730.0,-4.22124
117.4,-422029.3,0.0,-33263.8077894,0.34102307986,-586040.0,-4.326624
117.6,-400348.7,0.0,12752.7923553,-0.13073392162699998,-464340.0,-4.104492
117.8,-351853.8,0.0,50946.4931338,-0.49800993288100004,-300137.0,-3.4395010000000004
118.0,-285017.49,0.0,78592.0943747,-0.7682459450119999,-142903.0,-2.7860253000000004
118.2,-209736.5,0.0,95019.495867,-0.9288009595986999,-32188.0,-2.050226
118.4,-135101.0,0.0,101575.49740772,-0.9687389752788,9587.0,-1.2884120000000001
118.6,-67520.2,0.0,101200.49884759,-0.96504798901,-22356.0,-0.643926
118.8,-9453.2,0.0,97508.90011961,-0.9066680011121,-118135.0,-0.08788299999999999
119.0,40815.599,0.0,93854.10124787,-0.8950190119007,-256590.86,0.38923563
119.2,88417.2,0.0,92275.80233304,-0.8800110222496,-408390.0,0.843202
119.4,140193.1,0.0,92886.2035166,-0.9522160360518,-539393.0,1.4372660000000002
119.6,202485.4,0.0,93629.20493371,-0.9599450505810999,-614586.0,2.0758929999999998
119.8,278935.3,0.0,90749.50666625,-0.9303580683420001,-602440.0,2.8594799999999996
120.0,368786.5,0.0,79642.7087068,-0.8164940892620001,-479697.0,3.780762
120.2,466298.0,0.0,56081.710944,-0.508102099152,-237942.0,4.224463
120.4,560997.2,0.0,17437.313168,-0.153818116163,107670.0,4.9488520000000005
120.6,639356.3,0.0,-36334.3848995,0.32052486679400005,509890.0,5.640066000000001
120.8,687161.0,0.0,-102158.7835607,0.9742548432139999,888350.0,6.55314
121.0,692524.0,0.0,-173967.6830782,1.659110838618,1142990.0,6.6043199999999995
121.2,648925.0,0.0,-243629.2836187,2.497711832058,1183667.0,6.6529
121.4,557167.0,0.0,-302452.8852045,3.1008258483159996,965168.0,5.71203
121.6,425736.0,0.0,-343053.1877003,3.680562868039,510930.0,4.567679999999999
121.8,269222.9,0.0,-360855.5908348,4.043632897298,-89742.0,3.0168399999999997
122.0,105266.1,0.0,-354935.7942572,3.892670937018,-710655.0,1.15445
122.2,-49101.70000000001,0.0,-327889.7976099,3.5960559737880002,-1230788.0,-0.5384690000000001
122.4,-180464.2,0.0,-284905.2005938,3.260436006795,-1568710.0,-2.065258
122.6,-280898.0,0.1533211,-232393.35775,-0.875,-1697479.0,0.96301
122.8,-348053.0,0.1474639,-176603.391658,-0.886719,-1638310.0,0.933022
123.0,-384215.0,0.06640650000000001,-122675.713381,-0.800781,-1442190.0,0.79478
123.2,-394631.0,0.058594,-74052.624502,-0.140625,-1169530.0,0.638147
123.4,-385631.1,0.0117185,-32494.049852,0.40234400000000003,-874820.0,0.31635
123.6,-363193.4,0.007568500000000001,1657.3543220000001,-0.09082000000000001,-598600.0,0.218028
123.8,-332126.3,-0.021241000000000003,28993.863699,0.462891,-365616.0,0.06645999999999999
124.0,-295701.5,-0.024352899999999997,50549.277333,0.269531,-186880.0,-0.011404999999999998
124.2,-255782.72,-0.0502319,67403.193073,-0.160156,-63310.0,-0.07397700000000001
124.4,-213256.37,-0.0423737,80423.911049,0.17968699999999999,10225.0,-0.12122499999999997
124.6,-168535.11,-0.06463600000000001,90184.431271,0.1953125,41595.0,-0.09998499999999999
124.8,-121884.3,-0.07009870000000001,96996.75251,0.0585938,39180.0,-0.087973
125.0,-73731.04000000001,-0.062194940000000004,100992.374834,0.0722656,10845.0,0.006510999999999989
125.2,-24654.12,-0.0625917,102258.29919,0.13964843999999998,-36363.0,0.016542
125.4,24695.786,-0.06446450999999999,100928.92407281,0.12487743,-95755.20000000001,0.06461420000000001
125.6,73742.49,-0.0626223,97111.449121,0.24121144,-160405.0,0.09212952000000002
125.8,122088.1,-0.0660099,90950.074098,0.23242190000000001,-222775.0,0.1378
126.0,169502.75,-0.0557556,82469.099316,0.0546875,-274578.0,0.1695615
126.2,215806.369,-0.0614814,71546.123947,0.1835938,-307312.6,0.17606560000000002
126.4,260615.14,-0.0429686,57881.670415,0.080078,-313292.0,0.24016900000000002
126.6,303059.4,-0.035889199999999996,41059.797386,0.014648000000000001,-287249.0,0.225865
126.8,341579.6,-0.0430913,20683.318152,0.0546875,-228052.0,0.312334
127.0,373856.0,-0.025878799999999997,-3418.0600319999994,0.112511,-140410.0,0.275498
127.2,396876.1,-0.0314946,-30999.342827,0.393555,-35630.0,0.2269329
127.4,407421.3,-0.0095214,-61214.93211,-0.38671900000000003,68760.0,0.19189099999999998
127.6,402547.5,0.0397951,-92580.829686,0.3105469,151560.0,0.12150999999999998
127.8,380313.8,0.0441892,-123053.93692000001,-0.625,192117.0,0.07900200000000002
128.0,340287.8,0.0607911,-150253.75527,-0.44140619999999997,175632.0,0.107344
128.2,283929.8,0.0734863,-171834.882476,-0.5683594000000001,97976.0,0.12164599999999998
128.4,214535.1,0.1030255,-185880.579125,-0.65527344,-32183.0,-0.014233999999999997
128.6,136935.91999999998,0.1141022,-191192.329413,-0.78076172,-194862.0,0.10053799999999999
128.8,56695.899999999994,0.1110889,-187499.28333,-0.96777344,-363795.0,0.2196553
129.0,-20638.600000000006,0.1105969,-175448.537197,-0.8105469000000001,-513163.0,0.326213
129.2,-90300.2,0.0905765,-156425.48642,-0.5664062,-623574.0,0.353329
129.4,-148791.1,0.0722659,-132274.93218,-0.3105469,-685552.0,0.47035899999999997
129.6,-194062.9,0.0559085,-104962.7756,-0.38671900000000003,-699678.0,0.385196
129.8,-225424.6,0.0415038,-76290.80621,-0.17382799999999998,-674210.0,0.393752
130.0,-243176.4,0.0407716,-47753.72633,-0.139648,-621470.0,0.34957799999999994
130.2,-248284.0,0.0074465,-20472.037358,-0.078613,-554470.0,0.29516000000000003
130.4,-241988.3,0.0112307,4780.660612,-0.233643,-484430.0,0.26727300000000004
130.6,-225660.2,-0.0263066,27475.866535,-0.375,-419741.0,0.225205
130.8,-200655.1,-0.0356748,47250.98024,-0.022461,-365833.0,0.17440899999999998
131.0,-168317.76,-0.0407871,63837.800476,0.0722656,-325742.0,0.183244
131.2,-130088.4,-0.0431404,77043.626359,0.0839844,-300766.0,0.15891709999999998
131.4,-87458.36,-0.0563055,86776.15653,0.16601559999999999,-290854.0,0.1614794
131.6,-41902.09,-0.06458998,93072.589447,0.19433593999999998,-294691.9,0.161362
131.8,5283.09,-0.06826032,96108.22438099999,0.17944786000000001,-309294.2,0.20727199999999998
132.0,53170.4,-0.0672762,96185.360521,0.17236027999999998,-329592.3,0.1982478
132.2,101357.77,-0.06559716,93609.99746099999,0.16308593999999998,-348011.0,0.23889400000000002
132.4,150005.06,-0.06623849999999999,88543.235251,0.2265625,-354356.0,0.24877
132.6,199632.65,-0.0695498,80867.47297,0.0996094,-336464.0,0.288156
132.8,250764.622,-0.051506300000000005,70034.314924,0.16992200000000002,-281478.0,0.23599939999999997
133.0,303284.8,-0.043640200000000004,55074.55728,0.1328125,-178225.0,0.18693999999999997
133.2,355914.6,-0.0561523,34760.099767,0.373047,-20548.0,0.09070499999999998
133.4,405555.1,-0.027466000000000004,7912.341657,0.260986,188830.0,-0.02527899999999994
133.6,447267.0,-0.0078126,-26120.621249,0.175781,434030.0,-0.15973500000000002
133.8,474460.9,0.010008999999999997,-66981.49377,-0.203125,683430.0,-0.324707
134.0,479906.3,0.0515138,-112884.18145999999,-0.640625,890030.0,-0.44083
134.2,457181.5,0.07543939999999999,-160441.58954,-0.75,997950.0,-0.513736
134.4,402401.6,0.11938230000000001,-204880.12257,-1.3203125,955959.0,-0.485459
134.6,315877.0,0.1202341,-240703.17927,-1.2519531000000002,736197.0,-0.36257700000000004
134.8,203099.8,0.15154759999999998,-262709.757066,-1.3105468999999998,351040.5,-0.170541
135.0,74525.4,0.15606199999999998,-267173.149774,-1.46923828,-141257.2,0.09035
135.2,-56027.7,0.14599859999999998,-252818.74876,-1.6914061999999999,-648787.0,0.38462799999999997
135.4,-173977.8,0.12353889999999998,-221253.84189,-1.0,-1073447.0,0.646312
135.6,-266951.5,0.1018044,-176706.91931,-1.015625,-1342260.0,0.786251
135.8,-327291.2,0.0983888,-125038.57342,-0.769531,-1427940.0,0.821607
136.0,-353023.2,0.069824,-72499.23577,-0.375,-1350160.0,1.017943
136.2,-347499.2,0.0380865,-24456.609232,0.104004,-1160180.0,0.6308130000000001
136.4,-317861.0,-0.008545200000000001,15456.803763,-0.296875,-919030.0,0.478429
136.6,-272764.7,-0.028503399999999998,45664.029929,0.294922,-679612.0,0.361099
136.8,-220339.91,-0.0333324,66478.763718,0.361328,-477191.0,0.23296099999999997
137.0,-166645.45,-0.066376,79519.69953,0.125,-328169.0,0.15329799999999996
137.2,-114939.4,-0.06604020000000001,86966.235565,0.234375,-233205.0,0.12429500000000002
137.4,-65815.20999999999,-0.06713864,90818.271154,0.2392578,-181982.0,0.08316000000000001
137.6,-18009.81,-0.06413289999999999,92346.006705,0.24121094,-158080.2,0.08593799999999996
137.8,30420.500000000004,-0.06773414,91849.8432233,0.21069586,-143413.40000000002,0.0994351
138.0,80896.95999999999,-0.06279016,88753.182053,0.320312,-122039.0,0.09966299999999997
138.2,133437.74,-0.057632100000000006,81959.122501,0.2587891,-83201.0,0.10184599999999999
138.4,186291.64,-0.0642182,70348.74798,0.2890625,-23455.0,0.018363000000000018
138.6,236113.27,-0.055053099999999994,53281.483237,0.23632799999999998,52119.0,0.01310299999999999
138.8,278625.4,-0.0312505,30933.414639,-0.140625,130441.0,-0.04496699999999998
139.0,309570.9,-0.0390625,4424.138883,0.265137,193069.0,-0.08927700000000002
139.2,325570.5,-0.007568699999999999,-24315.246336,0.0292969,220816.0,-0.12142799999999998
139.4,324919.3,0.0240476,-52879.943125,0.0214844,199475.0,-0.07402500000000001
139.6,307899.9,0.0305176,-78822.749899,-0.511719,124190.0,-0.040952000000000016
139.8,276577.5,0.0389407,-100093.96712,-0.6953125,1116.0,0.03678899999999999
140.0,234354.3,0.0629884,-115327.191278,-0.6269530999999999,-154706.0,0.1356159
140.2,185260.6,0.067627,-123943.520763,-0.7792969000000001,-323675.0,0.24600699999999998
140.4,133276.3,0.07574494,-126067.552227,-0.62451172,-486683.0,0.35737399999999997
140.6,81856.26,0.07557658,-122381.0851677,-0.49902344,-628758.4,0.4267063
140.8,33671.78999999999,0.0697782,-113824.417514,-0.40649414,-740813.1,0.490683
141.0,-9364.600000000006,0.0596924,-101428.847451,-0.31005859999999996,-819168.0,0.5559641
141.2,-45958.5,0.04754630000000001,-86166.773956,-0.43701172,-864054.0,0.579847
141.4,-75247.1,0.052734399999999994,-68921.49631,-0.125,-877911.0,0.598198
141.6,-96627.6,0.0289309,-50496.813796,-0.0014648,-863869.0,0.56708
141.8,-109728.9,0.022704999999999996,-31659.52577,0.028808600000000004,-825273.0,0.538157
142.0,-114427.4,-0.0048827,-13178.032347,0.0916672,-765642.0,0.527149
142.2,-110936.1,-0.0069581,4181.166672,0.15380860000000002,-688837.0,0.455461
142.4,-99858.7,-0.0220946,19691.570772,0.0566406,-599388.0,0.400766
142.6,-82182.3,-0.0235296,32725.479802,0.1210938,-502116.0,0.32233100000000003
142.8,-59192.75,-0.0370175,42824.894006,0.24902343999999998,-401660.0,0.3034184
143.0,-32296.71,-0.04669229999999999,49730.308938999995,0.3139648,-301679.0,0.2241306
143.2,-2850.3300000000017,-0.04557836,53361.325861,0.29638171999999996,-204290.0,0.1405032
143.4,27960.112,-0.046352399999999995,53753.6440788,0.21813965,-109915.0,0.05444399999999998
143.6,59134.028000000006,-0.04184768,50981.2629613,0.31213378999999997,-17705.79999999999,-0.022510100000000005
143.8,89741.32,-0.048141,45077.681916,0.15673828,73576.0,-0.0947133
144.0,118699.78,-0.0353543,36026.300644999996,0.21704099999999998,164020.0,-0.14863500000000004
144.2,144554.33000000002,-0.028503,23823.017559,0.21850586,251103.0,-0.24218097
144.4,165341.3,-0.0129089,8621.531256999999,-0.0671387,328455.0,-0.27206299999999994
144.6,178670.5,0.0007324000000000002,-9082.559883999998,-0.12445068,385205.0,-0.29019300000000003
144.8,182056.7,0.00885,-28296.355804,0.03198242,406940.0,-0.318374
145.0,173498.4,0.0267944,-47463.858844,-0.09277344,378664.0,-0.3211813
145.2,152163.7,0.0427249,-64570.469717,-0.12451171999999999,289307.0,-0.24083100000000002
145.4,118967.17,0.04492216,-77434.788121,-0.46972656,137197.0,-0.13407144
145.6,76844.424,0.04996069,-84130.3125354,-0.56239319,-66056.42000000001,0.023601329999999997
145.8,30492.800000000003,0.0490109,-83449.340091,-0.5625,-295849.0,0.18863660000000002
146.0,-14391.599999999999,0.039062,-75236.467997,-0.6264647999999999,-519792.0,0.355815
146.2,-52236.3,0.0523684,-60480.292489,-0.43701172,-706700.0,0.491892
146.4,-78701.4,0.014464999999999999,-41114.010582,-0.25488279999999996,-835059.0,0.594321
146.6,-91447.1,0.0122683,-19574.320751,-0.2172852,-897803.0,0.6457120000000001
146.8,-90332.2,-0.0171509,1721.1771049999988,-0.12426758,-901324.0,0.6578015
147.0,-77020.4,-0.0112612,20827.482665,0.0,-860274.0,0.6383236
147.2,-54208.87,-0.0348207,36514.294363,0.27832029999999996,-791229.0,0.5623130000000001
147.4,-24732.230000000003,-0.0493473,48266.910613,0.2788086,-707555.0,0.476712
147.6,9077.870000000003,-0.049945800000000005,56076.430523,0.18773914,-616962.0,0.40404700000000005
147.8,45708.559,-0.0502793,60128.3527803,0.33019207,-521398.0,0.295708
148.0,84303.20999999999,-0.052020659999999996,60501.776686,0.3422902,-418592.0,0.246045
148.2,124182.23999999999,-0.0600432,57007.001898,0.1845703,-304850.0,0.145723
148.4,164240.72,-0.040847600000000005,49203.127715,0.43408199999999997,-178000.0,0.044668
148.6,202441.0,-0.045349,36623.750607,0.4921875,-40402.0,-0.0032789999999999764
148.8,235691.1,-0.0437014,19101.972893,0.1831055,98941.0,-0.120886
149.0,260099.3,-0.0007321999999999988,-2885.41114,0.1470947,223612.0,-0.19371899999999997
149.2,271715.6,-0.000610299999999999,-28009.101139,-0.2556152,311638.0,-0.256907
149.4,267444.1,0.029052199999999997,-54091.801186,-0.3818359,340364.0,-0.258194
149.6,245989.0,0.0394284,-78370.107776,-0.5048828,293749.0,-0.284373
149.8,208495.0,0.0516359,-97997.027472,-0.44238279999999996,169393.0,-0.174807
150.0,158575.6,0.0666504,-110608.255332,-0.68701172,-17794.0,-0.056030048
150.2,101731.89,0.0661928,-114837.988289,-0.71875,-238203.5,0.11468010000000001
150.4,44298.740000000005,0.0679018,-110553.722661,-0.59362793,-455286.0,0.3028889
150.6,-7772.300000000003,0.065796,-98829.154851,-0.59423828,-635734.0,0.42956099999999997
150.8,-49948.899999999994,0.0536496,-81642.48199,-0.62451172,-757578.0,0.521414
151.0,-79684.4,0.0474245,-61372.402299,-0.1274414,-813297.0,0.564744
151.2,-96451.1,0.019776000000000002,-40337.315179,0.060058600000000004,-808296.0,0.576681
151.4,-101353.8,-0.0018311,-20439.921019,-0.1584473,-756073.0,0.533459
151.6,-96507.8,-0.005859499999999999,-2985.4233050000003,0.025848399999999994,-673205.0,0.42893499999999996
151.8,-84393.3,-0.0079345,11336.682069999999,0.248291,-575097.0,0.391331
152.0,-67363.7,-0.0194395,22330.591185999998,0.2473145,-473774.0,0.317178
152.2,-47351.7,-0.0272527,30125.202776,0.18554690000000001,-377220.0,0.24818300000000001
152.4,-25811.339999999997,-0.031097140000000002,35003.215744,0.2458496,-289758.3,0.17991500000000002
152.6,-3797.8099999999977,-0.03263816,37285.529765,0.2331543,-213146.0,0.13208100000000003
152.8,17896.93,-0.0298619,37268.544095,0.22594965,-147642.0,0.06955999999999998
153.0,38596.36,-0.03258516,35219.7575785,0.21465989000000002,-92982.59999999998,0.06340173999999997
153.2,57676.301,-0.025899600000000002,31402.1705449,0.179733776,-48928.29999999999,0.026865799999999995
153.4,74547.66,-0.02533758,26107.882279999998,0.17163086,-15445.400000000023,0.028499000000000024
153.6,88700.48999999999,-0.024962899999999996,19672.591828,0.12451171999999999,7382.0,-0.004469000000000001
153.8,99765.34,-0.0225068,12463.499671999998,0.030639649999999997,19742.0,-0.006800069999999991
154.0,107547.51000000001,-0.01461786,4862.4057410000005,0.09423828,22082.0,0.003039999999999987
154.2,112024.5,-0.009704540000000001,-2778.590308,-0.09390259,15409.0,0.007320999999999966
154.4,113316.76999999999,-0.0037231000000000005,-10158.788436,-0.033508300000000005,827.0,0.01843900000000001
154.6,111626.7,0.0002746599999999999,-17038.388549,-0.0332642,-20572.0,0.05083399999999999
154.8,107157.82,0.0120235,-23231.390902,0.06201172,-48173.0,0.030948000000000003
155.0,100107.8,0.006072900000000001,-28580.376246,-0.12524414,-81953.0,0.004900200000000021
155.2,90646.92,0.01786848,-32921.48275,-0.15612793,-122552.79999999999,0.046177600000000034
155.4,78985.81,0.012054559999999999,-36061.108305,-0.29688000000000003,-170836.7,0.159279
155.6,65439.99599999999,0.01788852,-37770.401094400004,-0.234307335,-227354.37000000002,0.13157980000000002
155.8,50513.61000000001,0.021904390000000003,-37806.5126917,-0.214880518,-291791.9,0.215087
156.0,34965.83,0.019393760000000003,-35953.025123,-0.21844282000000004,-362417.9,0.26643639999999996
156.2,19805.760000000002,0.0075989000000000004,-32084.847393,-0.21972155999999998,-435923.0,0.302524
156.4,6222.029999999999,0.00701884,-26221.057018,-0.18713379,-507724.0,0.35328099999999996
156.6,-4522.760000000002,0.0068052600000000005,-18571.665396,-0.09277344,-572603.0,0.40800800000000004
156.8,-11301.14,0.0017089000000000002,-9540.865642,-0.03302,-625767.0,0.467105
157.0,-13250.650000000001,-0.00524896,308.53134000000045,0.0909729,-663630.0,0.48160899999999995
157.2,-9918.29,-0.01614404,10317.332494,-0.0636597,-684380.0,0.5248529
157.4,-1266.5699999999997,-0.02401706,19818.931991999998,0.18798828,-687907.0,0.487209
157.6,12343.830000000002,-0.03189886,28206.840097,0.06176758,-675258.3,0.45979400000000004
157.8,30303.311000000005,-0.0299764,34987.251031,0.18731689,-647868.8,0.501831
158.0,51863.558,-0.0513537,39777.9693712,0.17956793,-606785.4,0.44376400000000005
158.2,76249.51999999999,-0.048431,42285.186308000004,0.27295172,-552244.0,0.42713
158.4,102677.58,-0.04753114,42252.098258,0.17090344000000002,-483748.0,0.43995300000000004
158.6,130290.91,-0.045776000000000004,39425.317161,0.18798828,-400550.0,0.37149999999999994
158.8,158053.04,-0.044036700000000005,33551.562863,0.2202148,-302539.0,0.16511100000000006
159.0,184604.2,-0.028594599999999998,24418.685512,0.34082029999999996,-191315.0,0.08956599999999997
159.2,208179.7,-0.0193484,11950.804578,0.2431641,-71232.0,0.01819599999999999
159.4,226638.5,-0.015380899999999998,-3672.877702999999,0.21343990000000002,49975.0,-0.09954299999999999
159.6,237657.9,0.0025023999999999997,-21909.76463,-0.006835900000000006,161328.0,-0.20949
159.8,239033.9,0.0123294,-41792.6614,0.1230469,249662.0,-0.273914
160.0,229112.9,0.036133,-61952.16552,-0.31347656,301944.0,-0.306801
160.2,207186.4,0.036621600000000004,-80732.579094,-0.3764648,308216.0,-0.31114299999999995
160.4,173791.8,0.07415799999999999,-96400.302543,-0.3110352,264588.0,-0.252652
160.6,130827.32,0.0784909,-107409.633498,-0.59326172,175296.2,-0.21293900000000002
160.8,81361.38,0.08372508,-112654.9704537,-0.6156062099999999,52482.899999999994,-0.08211299999999999
161.0,29250.5,0.08831796,-111625.210642,-0.7338817200000001,-86052.0,0.06595500000000001
161.2,-21416.0,0.0878902,-104511.251371,-0.5390625,-220830.0,0.16993599999999998
161.4,-66888.9,0.0720214,-92125.88854,-0.5048828000000001,-335003.0,0.273121
161.6,-104232.8,0.0655519,-75732.6205,-0.37597656,-417545.0,0.376587
161.8,-131601.4,0.041625499999999996,-56823.54557,-0.388672,-464612.0,0.404672
162.0,-148291.0,0.0334474,-36893.963073,0.057128899999999996,-478937.0,0.42591099999999993
162.2,-154570.3,0.0156252,-17251.272387,0.17626999999999998,-467878.0,0.404265
162.4,-151476.8,-0.006103500000000001,1094.13256,-0.0635986,-440881.0,0.438537
162.6,-140383.0,-0.0236813,17469.7367,0.0527344,-407300.0,0.4114
162.8,-122824.2,-0.0410153,31508.745748,-0.011719000000000007,-374818.0,0.38011700000000004
163.0,-100230.33,-0.0463868,43082.658608,0.1796875,-348627.0,0.32327300000000003
163.2,-73822.87,-0.0497434,52212.17469,0.16992190000000001,-331346.0,0.323715
163.4,-44568.96,-0.0618747,58992.893255999996,0.28027344,-323292.0,0.30056
163.6,-13237.550000000003,-0.0683781,63522.114104,0.23584480000000002,-322979.0,0.304429
163.8,19577.335000000006,-0.0703986,65875.2365073,0.22667707,-327688.2,0.2649052
164.0,53358.298,-0.0692153,66074.560063,0.19507586,-333976.4,0.24575529999999998
164.2,87612.954,-0.06540706,64099.084678,0.2949169,-338071.0,0.232385
164.4,121806.16,-0.0710451,59887.207948,0.13867190000000001,-336264.7,0.2444117
164.6,155310.27,-0.0657041,53356.832311,0.32324220000000004,-325304.19999999995,0.22077500000000005
164.8,187362.91,-0.064331,44426.955527,0.2724609,-302733.0,0.24117399999999997
165.0,217023.9,-0.049316399999999996,33049.976094,0.3652344,-267397.0,0.23847799999999994
165.2,243147.2,-0.0382696,19251.796326,0.2114258,-219897.0,0.197146
165.4,264385.7,-0.030761900000000002,3181.8129120000003,0.075195,-163008.0,0.17282399999999998
165.6,279282.4,-0.0246585,-14828.87207,0.017089999999999994,-101926.0,0.07604500000000003
165.8,286274.3,-0.008911299999999999,-34235.562763,0.1181641,-44014.0,0.005060999999999982
166.0,284028.3,0.007323699999999999,-54241.160333,-0.1962891,1710.0,-0.05513600000000002
166.2,271522.3,0.0469973,-73815.96485,-0.1298828,25988.0,-0.06641599999999998
166.4,248358.6,0.0709229,-91757.27597,-0.6328125,21034.0,-0.066689
166.6,214940.2,0.06774870000000001,-106786.795351,-0.49902344,-17554.0,-0.036784999999999984
166.8,172591.0,0.08172589999999999,-117704.021498,-0.65722656,-89243.0,0.02796499999999999
167.0,123544.57,0.09186029999999999,-123543.6526,-0.7793068999999999,-187931.1,0.10830229999999999
167.2,70775.25,0.1005899,-123723.087975,-0.74316656,-302536.4,0.22322000000000003
167.4,17700.899999999994,0.09527616,-118123.125537,-0.7172852000000001,-418886.0,0.345057
167.6,-32200.399999999994,0.0812984,-107152.760914,-0.81152344,-522481.0,0.469329
167.8,-75806.9,0.07080109999999999,-91666.49306,-0.5664062,-601353.0,0.535894
168.0,-110681.7,0.0623778,-72858.02011,-0.25390619999999997,-648167.0,0.565349
168.2,-135305.3,0.0441891,-52104.040778,-0.510742,-661091.0,0.6067480000000001
168.4,-149114.8,0.0203857,-30791.648682,-0.387695,-643411.0,0.645273
168.6,-152413.4,0.0023196,-10167.353806,0.07730100000000001,-602098.0,0.576303
168.8,-146249.8,-0.0131833,8773.846116,-0.3520508,-545853.0,0.57429
169.0,-132038.0,-0.0381467,25330.351062,0.017577999999999996,-483255.0,0.498504
169.2,-111395.9,-0.031738100000000005,39094.460708,0.2724609,-421406.0,0.442061
169.4,-85887.13,-0.0426637,49904.575926,0.31152344,-365112.0,0.23152900000000004
169.6,-56889.77,-0.043853600000000006,57772.590689000004,0.3056641,-316626.0,0.18956299999999998
169.8,-25513.4,-0.0571137,62806.406715,0.184082,-275855.0,0.188057
170.0,7378.377999999997,-0.0583859,65138.122682,0.28026843999999995,-240827.40000000002,0.160726
170.2,41117.0154,-0.0606098,64865.7400493,0.23064811000000002,-208321.90000000002,0.140101
170.4,75122.504,-0.06439596,62030.657845,0.2485352,-174621.0,0.14134600000000003
170.6,108782.67,-0.0584029,56605.176714,0.21777343999999998,-136138.0,0.06863299999999999
170.8,141342.18,-0.0547946,48526.694467,0.21875,-90247.0,0.00836199999999998
171.0,171813.09,-0.0437619,37733.308184,0.1835938,-35914.0,0.04984999999999999
171.2,198919.1,-0.039795399999999995,24238.725139000002,0.0566406,25578.0,-0.028192999999999968
171.4,221103.8,-0.0320434,8199.638254000001,0.1801758,90273.0,-0.08489400000000002
171.6,236603.9,-0.0008545999999999992,-9999.051757000001,-0.161377,151237.0,-0.120222
171.8,243629.1,0.0031735999999999986,-29693.545858999998,0.05126999999999998,199011.0,-0.168677
172.0,240581.1,0.02124,-49902.744952,-0.1914062,222721.0,-0.19580199999999998
172.2,226383.1,0.0372314,-69361.551951,-0.24804690000000001,211881.0,-0.12280200000000002
172.4,200761.6,0.0550534,-86595.76323,-0.18652344,158807.0,-0.08046600000000001
172.6,164541.1,0.051574400000000006,-100074.279416,-0.87597656,61258.0,-0.017242000000000007
172.8,119739.34,0.0792235,-108426.900435,-0.611079,-75729.0,0.09795399999999999
173.0,69521.16,0.07814812,-110638.5241111,-0.7188620700000001,-239410.4,0.16237600000000002
173.2,17888.600000000006,0.0645141,-106268.250321,-0.5019530999999999,-411059.0,0.294062
173.4,-30805.100000000006,0.0649411,-95581.376117,-0.6210938,-569435.0,0.43746399999999996
173.6,-72468.5,0.0488279,-79499.998642,-0.5625,-695429.0,0.5253650000000001
173.8,-103862.8,0.0366205,-59526.016447,-0.0654297,-776164.0,0.571306
174.0,-123043.8,0.0281985,-37485.528555,-0.0649414,-807400.0,0.582021
