time,Fx_local,Fy_local,Fz_local
364.680000,513501.703668,596873.261583,494645.009653
364.690000,385468.795367,586871.148649,532738.555019
364.700000,538284.831081,800573.441120,630269.707529
364.710000,486489.660232,672248.777027,649988.316602
364.720000,352465.552124,368955.049228,345166.285714
364.730000,421728.008687,611155.636100,425036.006757
364.740000,425963.762548,484836.428571,641622.399614
364.750000,463371.275097,715710.721042,637649.855212
364.760000,434764.780888,727035.173745,644636.032819
364.770000,436060.109073,571235.432432,615276.437259
364.780000,419513.519305,634282.155405,531421.433398
364.790000,488983.166988,739485.518340,571764.920849
364.800000,375908.690154,701860.992278,552954.269305
364.810000,456968.455598,703691.333977,668374.610039
364.820000,464596.925676,820638.903475,565179.926641
364.830000,498004.421815,733722.689189,593568.793436
364.840000,421439.782819,582419.916023,627784.488417
364.850000,440235.700772,711487.398649,599020.375483
364.860000,434009.070463,767265.243243,557068.164093
364.870000,410659.245174,355181.597490,466621.413127
364.880000,425837.145753,550700.490347,534417.877413
364.890000,344836.007722,450102.141892,357968.241313
364.900000,446778.182432,606588.836873,547369.777992
364.910000,388305.011583,659280.301158,443701.777992
364.920000,383486.666988,348852.138996,447267.153475
364.930000,409726.117761,488651.814672,518276.000965
364.940000,446846.785714,495349.305985,506024.559846
364.950000,394292.374517,578559.561776,502477.601351
364.960000,391660.126448,662982.729730,477044.354247
364.970000,395476.126448,323002.821429,397041.723938
364.980000,385018.039575,561109.925676,397475.444015
364.990000,471458.021236,675847.303089,525328.786680
365.000000,396029.096525,460081.233591,497232.136100
365.010000,448297.583977,691411.960425,528102.692085
365.020000,412997.281853,446712.648649,492922.407336
365.030000,409170.078185,509709.645753,457393.120656
365.040000,471018.315637,616265.429537,633258.017375
365.050000,305658.162162,556446.590734,358399.659266
365.060000,444764.131274,718279.430502,538420.502896
365.070000,486681.196911,552302.307915,489797.504826
365.080000,344314.653475,490544.313707,383830.450772
365.090000,399171.341699,602169.833977,552847.450772
365.100000,429743.082046,887656.022201,624975.130309
365.110000,342324.851351,661106.038610,476907.761583
365.120000,358208.122587,635855.733591,369826.326255
365.130000,513248.777027,787459.777992,621784.847490
365.140000,500358.266409,877768.248069,548815.204633
365.150000,416347.485521,830539.569498,643617.573359
365.160000,504557.186293,874447.204633,731498.684363
365.170000,395394.324324,607639.219112,413121.596525
365.180000,508247.490347,784465.022201,597413.032819
365.190000,460426.859073,514825.424710,678658.349421
365.200000,520321.974903,779741.985521,660452.542471
365.210000,586403.510618,795045.888996,670070.661197
365.220000,386794.972008,640500.958494,426647.646718
365.230000,403032.156371,601085.687259,491779.786680
365.240000,476710.392857,500900.800193,532918.734556
365.250000,422100.338803,520020.089768,440149.601351
365.260000,449191.268340,708046.951737,580746.118726
365.270000,474238.065637,703171.821429,624484.624517
365.280000,331710.680502,476768.713320,383370.179537
365.290000,464721.700772,488158.392857,537550.146718
365.300000,433266.558880,510633.257722,531613.277027
365.310000,495997.430502,730530.871622,587311.621622
365.320000,515900.362934,631873.213320,650401.010618
365.330000,395783.536680,580623.645753,434749.126448
365.340000,478382.348456,384019.071429,528945.576255
365.350000,472717.743243,580661.707529,527848.998069
365.360000,391629.431467,680835.083977,441369.112934
365.370000,468302.884170,796433.609073,578923.143822
365.380000,400235.229730,628395.318533,497922.619691
365.390000,402024.440154,694475.779923,548754.428571
365.400000,550762.340734,608707.557915,676544.386100
365.410000,435533.536680,614300.950772,576787.233591
365.420000,502460.105212,759985.314672,648067.424710
365.430000,378856.482625,515255.154440,458327.475869
365.440000,520322.588803,833214.944015,663534.318533
365.450000,490106.910232,749295.941120,530614.155405
365.460000,550449.251931,883930.572394,708521.496139
365.470000,477220.543436,941060.530888,736282.497104
365.480000,442627.607143,581188.740347,619611.028958
365.490000,474403.665058,859492.303089,672417.138996
365.500000,419948.467181,688695.301158,464243.012548
365.510000,480239.241313,624789.886100,659845.549228
365.520000,486294.747104,809547.118726,716405.655405
365.530000,373210.601351,488398.427606,433110.014479
365.540000,363887.154440,548930.464286,433936.476834
365.550000,413752.685328,632104.500000,480962.875483
365.560000,406970.322394,379476.214286,515437.329151
365.570000,426087.463320,551853.086873,546614.988417
365.580000,429657.903475,455086.853282,499933.601351
365.590000,388223.055985,521923.792471,459344.861004
365.600000,410888.076255,652103.661197,492321.860039
365.610000,394134.602317,330332.475869,496882.213320
365.620000,487108.777992,542953.230695,512099.710425
365.630000,413365.007722,446662.922780,495317.383205
365.640000,441822.324324,514475.041506,452501.108108
365.650000,490952.556950,706543.665058,585625.853282
365.660000,337592.606178,365965.818533,278006.128378
365.670000,393906.078185,491069.811776,458758.433398
365.680000,398132.163127,522099.674710,378253.786680
365.690000,298582.201737,411773.472973,370167.500965
365.700000,478082.305019,622343.649614,577902.075290
365.710000,451652.238417,562539.544402,560699.380309
365.720000,339320.733591,476713.615830,332982.527027
365.730000,424452.648649,450565.482625,459753.871622
365.740000,517603.627413,674698.850386,582331.054054
365.750000,343092.072394,719614.815637,380570.490347
365.760000,442715.548263,711746.310811,655053.909266
365.770000,356809.198842,631542.935328,359464.775097
365.780000,336304.491313,623873.487452,430590.263514
365.790000,432613.676641,770026.717181,508685.814672
365.800000,482260.045367,734469.344595,589919.467181
365.810000,430678.204633,625541.606178,533488.126448
365.820000,446783.707529,778909.844595,656132.837838
365.830000,426000.750000,650500.155405,547423.340734
365.840000,426847.471042,807111.472008,517501.873552
365.850000,482032.288610,617353.106178,755853.463320
365.860000,429320.872587,646482.489382,542824.158301
365.870000,535745.742278,818212.618726,721536.321429
365.880000,360137.148649,567076.109073,391031.493243
365.890000,414984.014479,594935.487452,447423.851351
365.900000,456945.434363,464199.732625,579658.135135
365.910000,495914.093629,639109.555019,562229.678571
365.920000,493799.209459,699183.776062,565554.098456
365.930000,546209.047297,692679.970077,665227.607143
365.940000,331101.385135,432453.909266,440248.285714
365.950000,484501.699807,488372.643822,543644.174710
365.960000,381951.457529,498396.396718,507349.662162
365.970000,435634.830116,715697.982625,566813.973938
365.980000,526131.460425,703102.450772,631901.452703
365.990000,386275.919884,677735.504826,507599.826255
366.000000,417919.835907,360602.791506,522438.547297
366.010000,466614.660232,552150.521236,548767.627413
366.020000,420779.840734,637539.046332,568270.911197
366.030000,457050.257722,634865.666988,497504.400579
366.040000,510936.063707,765868.775097,648253.436293
366.050000,432394.821429,519058.876448,498253.511583
366.060000,439469.400579,603524.403475,546214.572394
366.070000,451175.545367,728772.202703,594731.365830
366.080000,431552.244208,583745.171815,531074.426641
366.090000,460169.481660,686540.973938,632302.943050
366.100000,389224.633205,582095.930502,417467.852317
366.110000,500457.564672,738015.075290,584955.628378
366.120000,539728.262548,823459.004826,737663.310811
366.130000,505757.666988,851496.414093,620498.727799
366.140000,476527.757722,856561.699807,612622.395753
366.150000,500024.765444,813807.121622,621748.166988
366.160000,394653.347490,599362.777992,511784.472973
366.170000,410041.355212,592224.506757,619252.511583
366.180000,453377.756757,675964.864865,606756.124517
366.190000,402540.729730,783824.111004,498585.477799
366.200000,475788.776062,479035.537645,668421.112934
366.210000,365219.930502,469976.681467,368448.428571
366.220000,444674.962355,612591.547297,518050.699807
366.230000,369436.346525,566245.042471,453497.620656
366.240000,417438.845560,642280.193050,507299.782819
366.250000,509520.411197,466065.987452,590268.008687
366.260000,322536.718147,462595.919884,362376.807915
366.270000,390155.458494,551424.584942,481634.788610
366.280000,357870.324324,472606.166988,424836.642857
366.290000,478867.789575,689458.531853,542190.000000
366.300000,380928.700772,422463.613900,375283.586873
366.310000,393245.522201,431149.986486,454217.571429
366.320000,534571.198842,660433.972008,621792.214286
366.330000,368692.607143,412246.482625,470903.055985
366.340000,436719.744208,660779.597490,535794.547297
366.350000,462187.216216,404114.768340,557787.347490
366.360000,314804.038610,417553.951737,344296.850386
366.370000,452292.535714,590164.259653,570450.561776
366.380000,436493.522201,563739.871622,606944.131274
366.390000,393539.426641,474933.000000,550471.198842
366.400000,410003.907336,413713.395753,449921.194981
366.410000,432535.557915,603646.876448,459527.035714
366.420000,377806.407336,553151.177606,515260.372587
366.430000,496551.474903,766201.201737,686920.517375
366.440000,432635.163127,728491.190154,577202.690154
366.450000,377270.779923,665800.375483,297817.129344
366.460000,531044.959459,847956.668919,522531.092664
366.470000,500491.022201,747379.193050,592929.570463
366.480000,401281.621622,801835.465251,606430.143822
366.490000,491829.052124,803599.505792,706770.654440
366.500000,443743.523166,589245.712355,443549.837838
366.510000,397909.317568,757345.699807,498757.216216
366.520000,470141.666988,524535.628378,634980.005792
366.530000,382160.336873,635062.575290,535727.785714
366.540000,583839.251931,867797.750965,801981.112934
366.550000,478389.715251,613121.803089,610193.501931
366.560000,327336.492278,655619.924710,381319.754826
366.570000,461014.974903,468699.770270,528683.901544
366.580000,399764.522201,502484.814672,494338.827220
366.590000,489281.368726,675964.097490,587214.625483
366.600000,462956.278958,680568.344595,594285.521236
366.610000,431267.548263,683662.705598,544930.754826
366.620000,442118.070463,431159.962355,509283.445946
366.630000,452722.418919,562893.917954,584454.072394
366.640000,498034.502896,714061.019305,575130.318533
366.650000,413142.469112,782056.694015,557698.792471
366.660000,382880.441120,570403.751931,484836.582046
366.670000,440589.153475,371511.480695,563530.992278
366.680000,467435.597490,588601.424710,453623.930502
366.690000,398862.089768,607416.220077,554031.816602
366.700000,537820.722973,804175.190154,634679.808880
366.710000,445492.216216,654889.998069,606413.261583
366.720000,321839.788610,399048.254826,328844.690154
366.730000,438081.527027,636161.609073,453993.498069
366.740000,387589.511583,490852.030888,619850.910232
366.750000,470241.272201,733943.846525,662871.306950
366.760000,417413.061776,772196.084942,620473.711390
366.770000,451612.334942,415127.973938,501629.959459
366.780000,389241.515444,670494.251931,502202.113900
366.790000,460169.942085,740912.527992,556542.666023
366.800000,442836.179537,753699.136100,640283.791506
366.810000,492250.033784,695157.208494,734269.673745
366.820000,483028.187259,705802.534749,495885.393822
366.830000,504270.188224,741692.180502,615452.933398
366.840000,348876.541506,482831.739382,479054.875483
366.850000,373355.635135,660724.193050,482845.552124
366.860000,448602.231660,755897.510618,585044.183398
366.870000,398371.277027,363841.418919,467617.004826
366.880000,357269.623552,497728.627413,384559.763514
366.890000,352687.937259,481263.379344,405620.357143
366.900000,445444.025097,597471.967181,545147.768340
366.910000,465298.766409,677612.264479,550348.725869
366.920000,464897.889961,376892.464286,566958.547297
366.930000,391679.617761,486050.875483,452806.523166
366.940000,400584.999035,495030.538610,475672.135135
366.950000,360153.110039,556792.523166,419913.014479
366.960000,444246.767375,677180.693050,554542.581081
366.970000,344992.705598,316839.422780,337868.093629
366.980000,424078.016409,504273.871622,486762.078185
366.990000,457831.751931,689600.189189,494219.884170
367.000000,357381.813707,451860.657336,442475.206564
367.010000,427073.232625,699479.675676,487725.440154
367.020000,496956.495174,429319.491313,583730.745174
367.030000,359252.519305,528084.275097,375949.361004
367.040000,496258.644788,646951.355212,610940.157336
367.050000,379592.241313,533959.447876,444033.283784
367.060000,460164.110039,687956.319498,535509.390927
367.070000,468440.858108,542261.826255,478280.287645
367.080000,372051.098456,430372.636100,388652.325290
367.090000,360801.694981,573707.606178,519461.594595
367.100000,504863.061776,862658.490347,694849.184363
367.110000,343937.258687,701659.940154,471120.683398
367.120000,324473.111004,557459.985521,314291.892857
367.130000,525798.726834,912695.145753,553873.277027
367.140000,529337.551158,814252.198842,580056.555985
367.150000,454838.530888,804101.522201,667282.022201
367.160000,565516.190154,873466.039575,791077.181467
367.170000,381032.142857,567100.511583,372262.126448
367.180000,425117.501931,738783.370656,530146.210425
367.190000,463754.501931,495003.680502,693625.989382
367.200000,492332.449807,722454.101351,648084.613900
367.210000,548977.734556,776396.846525,634759.922780
367.220000,435451.274131,611567.409266,476822.122587
367.230000,321894.272201,531401.481660,398147.510618
367.240000,468634.696911,439111.190154,553967.050193
367.250000,387203.061776,497989.995174,422707.792471
367.260000,485989.945946,751930.798263,619253.892857
367.270000,488023.488417,689652.063707,631340.501931
367.280000,385516.219112,652076.496139,446666.606178
367.290000,487835.174710,474334.294402,570060.735521
367.300000,479420.913127,508860.929537,566059.951737
367.310000,471567.448842,682782.373552,566299.372587
367.320000,403417.685328,516957.191120,540791.843629
367.330000,424238.704633,617566.589768,443431.662162
367.340000,422489.858108,370144.479730,493960.665058
367.350000,484656.862934,484680.958494,523014.231660
367.360000,394369.572394,694782.883205,501343.268340
367.370000,554979.370656,820073.194981,651588.445946
367.380000,472990.161197,783497.209459,598885.777992
367.390000,409549.314672,659735.047297,515377.013514
367.400000,504414.915058,600009.214286,631098.165058
367.410000,410089.085907,502242.324324,556148.849421
367.420000,508946.261583,841819.054054,615758.348456
367.430000,398862.550193,655475.965251,584889.327220
367.440000,440615.704633,686518.720077,555901.294402
367.450000,526784.035714,793029.535714,544730.930502
367.460000,466565.548263,696625.656371,592139.942085
367.470000,441196.914093,802391.658301,645929.212355
367.480000,423178.346525,735430.557915,654544.986486
367.490000,501067.627413,892536.524131,662337.981660
367.500000,361752.011583,579567.431467,410832.057915
367.510000,394047.888996,660591.437259,507107.632239
367.520000,529341.694981,782413.830116,672748.798263
367.530000,330426.249035,514385.872587,361279.308880
367.540000,364170.162162,397873.864865,453524.632239
367.550000,471089.221042,606468.972973,533090.472973
367.560000,353559.214286,483927.703668,430093.465251
367.570000,413485.792471,611253.860039,482330.950772
367.580000,399629.464286,568891.256757,483992.316602
367.590000,396375.028958,431583.092664,473512.896718
367.600000,431932.708494,556214.690154,522696.845560
367.610000,346069.638996,447472.195946,443636.551158
367.620000,480731.281853,635061.194015,523017.608108
367.630000,439673.061776,373552.236486,475606.140927
367.640000,397297.720077,436508.102317,385369.497104
367.650000,493869.040541,591254.852317,577682.606178
367.660000,305678.420849,488172.666023,271696.314672
367.670000,421083.414093,564893.235521,525306.532819
367.680000,404027.441120,420250.812741,423400.578185
367.690000,321199.184363,357174.008687,364561.830116
367.700000,428172.726834,519142.366795,548033.403475
367.710000,445148.585907,706636.670849,603266.105212
367.720000,384586.928571,604487.918919,431543.342664
367.730000,385630.864865,437473.612934,349518.833977
367.740000,545370.000000,613390.691120,568858.259653
367.750000,365210.261583,495066.605212,447825.034749
367.760000,463913.348456,680711.383205,618765.075290
367.770000,387806.678571,671639.788610,521025.503861
367.780000,345206.342664,492024.886100,305912.009653
367.790000,412191.385135,715168.033784,438459.382239
367.800000,516974.840734,655114.838803,669209.206564
367.810000,431238.848456,799132.004826,581998.780888
367.820000,433570.285714,838837.036680,729990.639961
367.830000,442767.115830,597509.875483,385247.331081
367.840000,395662.444981,784070.131274,443070.075290
367.850000,483040.004826,512210.212355,662235.613900
367.860000,463110.521236,644203.233591,606862.022201
367.870000,538288.054054,791609.278958,733381.054054
367.880000,457179.023166,744996.802124,521135.084942
367.890000,386632.902510,674665.546332,424933.332046
367.900000,465146.826255,452442.941120,572105.328185
367.910000,473836.421815,566928.005792,540444.529923
367.920000,433758.292471,590869.016409,511755.926641
367.930000,540756.851351,789367.164093,654642.443050
367.940000,380693.423745,660562.737452,517660.106178
367.950000,493711.728764,506816.490347,544106.134170
367.960000,342175.520270,332888.907336,423000.469112
367.970000,377582.027027,603116.160232,422673.414093
367.980000,507297.173745,762649.945946,622400.742278
367.990000,331887.637066,589752.639961,464686.708494
368.000000,438187.271236,273965.901544,525235.473938
368.010000,451738.184363,493086.472008,515668.308880
368.020000,438070.169884,555029.863900,563363.551158
368.030000,469412.661197,747346.042471,549103.583977
368.040000,521592.133205,872313.289575,699860.600386
368.050000,440816.910232,458121.512548,482696.374517
368.060000,423379.552124,560541.761583,505607.875483
368.070000,434171.600386,681721.248069,551652.341699
368.080000,441763.850386,685177.656371,596006.742278
368.090000,473806.954633,780639.046332,701682.500965
368.100000,382307.519305,532331.079151,378273.124517
368.110000,493893.903475,691965.390927,546238.207529
368.120000,533417.527992,779745.822394,698546.548263
368.130000,521453.698842,934667.533784,702473.817568
368.140000,468916.476834,947384.003861,674427.046332
368.150000,550394.461390,699749.944981,653128.413127
368.160000,397929.729730,543134.484556,478866.254826
368.170000,402117.292471,548696.415058,568238.988417
368.180000,466112.336873,742358.108108,692966.661197
368.190000,388241.626448,737083.943050,427268.913127
368.200000,465722.971042,449978.441120,619749.156371
368.210000,390768.130309,501965.455598,438678.237452
368.220000,443306.580116,613460.982625,516479.884170
368.230000,367878.269305,565004.658301,448443.692085
368.240000,415421.417954,640777.520270,500881.615830
368.250000,510516.770270,468137.438224,593802.842664
368.260000,270301.534749,407144.516409,313558.896718
368.270000,406128.819498,542608.986486,499408.256757
368.280000,364120.282819,479766.692085,429548.475869
368.290000,465733.253861,642926.015444,550317.263514
368.300000,393759.202703,443198.533784,385756.100386
368.310000,409798.404440,449659.366795,472247.342664
368.320000,491703.816602,625159.914093,573927.535714
368.330000,383088.553089,426608.971042,487499.371622
368.340000,445296.535714,668060.907336,545871.402510
368.350000,433321.349421,381743.959459,522985.838803
368.360000,334456.039575,441338.111004,370248.075290
368.370000,471006.805019,610323.648649,595442.108108
368.380000,408709.653475,549764.753861,572967.550193
368.390000,406230.112934,484758.002896,567195.666023
368.400000,422085.144788,422131.647683,465840.379344
368.410000,399500.545367,600320.921815,409575.405405
368.420000,392471.394788,568709.388996,533105.206564
368.430000,516548.333977,786359.823359,707879.971042
368.440000,370942.242278,652828.216216,463764.938224
368.450000,390000.602317,680627.278958,320060.707529
368.460000,552162.031853,863928.955598,556090.682432
368.470000,471300.709459,735260.507722,549704.131274
368.480000,413656.149614,809798.203668,625890.608108
368.490000,510178.818533,819113.055985,740119.216216
368.500000,420670.106178,586699.717181,411260.559846
368.510000,416261.539575,770322.309846,532525.992278
368.520000,523524.535714,535740.370656,717916.155405
368.530000,386142.703668,639349.589768,543720.605212
368.540000,601487.944981,862002.999035,820560.631274
368.550000,485558.067568,767848.294402,551425.045367
368.560000,350419.424710,649420.612934,407393.452703
368.570000,434640.926641,375082.381274,518888.979730
368.580000,414566.869691,546775.216216,481758.182432
368.590000,458334.842664,620160.162162,577212.359073
368.600000,511329.880309,731633.281853,640760.944981
368.610000,376190.316602,641552.415058,440728.201737
368.620000,497106.286680,450481.224903,569894.982625
368.630000,444485.420849,539148.280888,568270.911197
368.640000,485907.529923,668713.175676,566316.254826
368.650000,441893.843629,791815.702703,595673.548263
368.660000,341822.681467,548750.284749,390723.315637
368.670000,380789.652510,264334.890927,480812.930502
368.680000,513501.703668,596873.261583,494645.009653
368.690000,385468.795367,586871.148649,532738.555019
368.700000,538284.831081,800573.441120,630269.707529
368.710000,486489.660232,672248.777027,649988.316602
368.720000,352465.552124,368955.049228,345166.285714
368.730000,421728.008687,611155.636100,425036.006757
368.740000,425963.762548,484836.428571,641622.399614
368.750000,463371.275097,715710.721042,637649.855212
368.760000,434764.780888,727035.173745,644636.032819
368.770000,436060.109073,571235.432432,615276.437259
368.780000,419513.519305,634282.155405,531421.433398
368.790000,488983.166988,739485.518340,571764.920849
368.800000,375908.690154,701860.992278,552954.269305
368.810000,456968.455598,703691.333977,668374.610039
368.820000,464596.925676,820638.903475,565179.926641
368.830000,498004.421815,733722.689189,593568.793436
368.840000,421439.782819,582419.916023,627784.488417
368.850000,440235.700772,711487.398649,599020.375483
368.860000,434009.070463,767265.243243,557068.164093
368.870000,410659.245174,355181.597490,466621.413127
368.880000,425837.145753,550700.490347,534417.877413
368.890000,344836.007722,450102.141892,357968.241313
368.900000,446778.182432,606588.836873,547369.777992
368.910000,388305.011583,659280.301158,443701.777992
368.920000,383486.666988,348852.138996,447267.153475
368.930000,409726.117761,488651.814672,518276.000965
368.940000,446846.785714,495349.305985,506024.559846
368.950000,394292.374517,578559.561776,502477.601351
368.960000,391660.126448,662982.729730,477044.354247
368.970000,395476.126448,323002.821429,397041.723938
368.980000,385018.039575,561109.925676,397475.444015
368.990000,471458.021236,675847.303089,525328.786680
369.000000,396029.096525,460081.233591,497232.136100
369.010000,448297.583977,691411.960425,528102.692085
369.020000,412997.281853,446712.648649,492922.407336
369.030000,409170.078185,509709.645753,457393.120656
369.040000,471018.315637,616265.429537,633258.017375
369.050000,305658.162162,556446.590734,358399.659266
369.060000,444764.131274,718279.430502,538420.502896
369.070000,486681.196911,552302.307915,489797.504826
369.080000,344314.653475,490544.313707,383830.450772
369.090000,399171.341699,602169.833977,552847.450772
369.100000,429743.082046,887656.022201,624975.130309
369.110000,342324.851351,661106.038610,476907.761583
369.120000,358208.122587,635855.733591,369826.326255
369.130000,513248.777027,787459.777992,621784.847490
369.140000,500358.266409,877768.248069,548815.204633
369.150000,416347.485521,830539.569498,643617.573359
369.160000,504557.186293,874447.204633,731498.684363
369.170000,395394.324324,607639.219112,413121.596525
369.180000,508247.490347,784465.022201,597413.032819
369.190000,460426.859073,514825.424710,678658.349421
369.200000,520321.974903,779741.985521,660452.542471
369.210000,586403.510618,795045.888996,670070.661197
369.220000,386794.972008,640500.958494,426647.646718
369.230000,403032.156371,601085.687259,491779.786680
369.240000,476710.392857,500900.800193,532918.734556
369.250000,422100.338803,520020.089768,440149.601351
369.260000,449191.268340,708046.951737,580746.118726
369.270000,474238.065637,703171.821429,624484.624517
369.280000,331710.680502,476768.713320,383370.179537
369.290000,464721.700772,488158.392857,537550.146718
369.300000,433266.558880,510633.257722,531613.277027
369.310000,495997.430502,730530.871622,587311.621622
369.320000,515900.362934,631873.213320,650401.010618
369.330000,395783.536680,580623.645753,434749.126448
369.340000,478382.348456,384019.071429,528945.576255
369.350000,472717.743243,580661.707529,527848.998069
369.360000,391629.431467,680835.083977,441369.112934
369.370000,468302.884170,796433.609073,578923.143822
369.380000,400235.229730,628395.318533,497922.619691
369.390000,402024.440154,694475.779923,548754.428571
369.400000,550762.340734,608707.557915,676544.386100
369.410000,435533.536680,614300.950772,576787.233591
369.420000,502460.105212,759985.314672,648067.424710
369.430000,378856.482625,515255.154440,458327.475869
369.440000,520322.588803,833214.944015,663534.318533
369.450000,490106.910232,749295.941120,530614.155405
369.460000,550449.251931,883930.572394,708521.496139
369.470000,477220.543436,941060.530888,736282.497104
369.480000,442627.607143,581188.740347,619611.028958
369.490000,474403.665058,859492.303089,672417.138996
369.500000,419948.467181,688695.301158,464243.012548
369.510000,480239.241313,624789.886100,659845.549228
369.520000,486294.747104,809547.118726,716405.655405
369.530000,373210.601351,488398.427606,433110.014479
369.540000,363887.154440,548930.464286,433936.476834
369.550000,413752.685328,632104.500000,480962.875483
369.560000,406970.322394,379476.214286,515437.329151
369.570000,426087.463320,551853.086873,546614.988417
369.580000,429657.903475,455086.853282,499933.601351
369.590000,388223.055985,521923.792471,459344.861004
369.600000,410888.076255,652103.661197,492321.860039
369.610000,394134.602317,330332.475869,496882.213320
369.620000,487108.777992,542953.230695,512099.710425
369.630000,413365.007722,446662.922780,495317.383205
369.640000,441822.324324,514475.041506,452501.108108
369.650000,490952.556950,706543.665058,585625.853282
369.660000,337592.606178,365965.818533,278006.128378
369.670000,393906.078185,491069.811776,458758.433398
369.680000,398132.163127,522099.674710,378253.786680
369.690000,298582.201737,411773.472973,370167.500965
369.700000,478082.305019,622343.649614,577902.075290
369.710000,451652.238417,562539.544402,560699.380309
369.720000,339320.733591,476713.615830,332982.527027
369.730000,424452.648649,450565.482625,459753.871622
369.740000,517603.627413,674698.850386,582331.054054
369.750000,343092.072394,719614.815637,380570.490347
369.760000,442715.548263,711746.310811,655053.909266
369.770000,356809.198842,631542.935328,359464.775097
369.780000,336304.491313,623873.487452,430590.263514
369.790000,432613.676641,770026.717181,508685.814672
369.800000,482260.045367,734469.344595,589919.467181
369.810000,430678.204633,625541.606178,533488.126448
369.820000,446783.707529,778909.844595,656132.837838
369.830000,426000.750000,650500.155405,547423.340734
369.840000,426847.471042,807111.472008,517501.873552
369.850000,482032.288610,617353.106178,755853.463320
369.860000,429320.872587,646482.489382,542824.158301
369.870000,535745.742278,818212.618726,721536.321429
369.880000,360137.148649,567076.109073,391031.493243
369.890000,414984.014479,594935.487452,447423.851351
369.900000,456945.434363,464199.732625,579658.135135
369.910000,495914.093629,639109.555019,562229.678571
369.920000,493799.209459,699183.776062,565554.098456
369.930000,546209.047297,692679.970077,665227.607143
369.940000,331101.385135,432453.909266,440248.285714
369.950000,484501.699807,488372.643822,543644.174710
369.960000,381951.457529,498396.396718,507349.662162
369.970000,435634.830116,715697.982625,566813.973938
369.980000,526131.460425,703102.450772,631901.452703
369.990000,386275.919884,677735.504826,507599.826255
370.000000,417919.835907,360602.791506,522438.547297
370.010000,466614.660232,552150.521236,548767.627413
370.020000,420779.840734,637539.046332,568270.911197
370.030000,457050.257722,634865.666988,497504.400579
370.040000,510936.063707,765868.775097,648253.436293
370.050000,432394.821429,519058.876448,498253.511583
370.060000,439469.400579,603524.403475,546214.572394
370.070000,451175.545367,728772.202703,594731.365830
370.080000,431552.244208,583745.171815,531074.426641
370.090000,460169.481660,686540.973938,632302.943050
370.100000,389224.633205,582095.930502,417467.852317
370.110000,500457.564672,738015.075290,584955.628378
370.120000,539728.262548,823459.004826,737663.310811
370.130000,505757.666988,851496.414093,620498.727799
370.140000,476527.757722,856561.699807,612622.395753
370.150000,500024.765444,813807.121622,621748.166988
370.160000,394653.347490,599362.777992,511784.472973
370.170000,410041.355212,592224.506757,619252.511583
370.180000,453377.756757,675964.864865,606756.124517
370.190000,402540.729730,783824.111004,498585.477799
370.200000,475788.776062,479035.537645,668421.112934
370.210000,365219.930502,469976.681467,368448.428571
370.220000,444674.962355,612591.547297,518050.699807
370.230000,369436.346525,566245.042471,453497.620656
370.240000,417438.845560,642280.193050,507299.782819
370.250000,509520.411197,466065.987452,590268.008687
370.260000,322536.718147,462595.919884,362376.807915
370.270000,390155.458494,551424.584942,481634.788610
370.280000,357870.324324,472606.166988,424836.642857
370.290000,478867.789575,689458.531853,542190.000000
370.300000,380928.700772,422463.613900,375283.586873
370.310000,393245.522201,431149.986486,454217.571429
370.320000,534571.198842,660433.972008,621792.214286
370.330000,368692.607143,412246.482625,470903.055985
370.340000,436719.744208,660779.597490,535794.547297
370.350000,462187.216216,404114.768340,557787.347490
370.360000,314804.038610,417553.951737,344296.850386
370.370000,452292.535714,590164.259653,570450.561776
370.380000,436493.522201,563739.871622,606944.131274
370.390000,393539.426641,474933.000000,550471.198842
370.400000,410003.907336,413713.395753,449921.194981
370.410000,432535.557915,603646.876448,459527.035714
370.420000,377806.407336,553151.177606,515260.372587
370.430000,496551.474903,766201.201737,686920.517375
370.440000,432635.163127,728491.190154,577202.690154
370.450000,377270.779923,665800.375483,297817.129344
370.460000,531044.959459,847956.668919,522531.092664
370.470000,500491.022201,747379.193050,592929.570463
370.480000,401281.621622,801835.465251,606430.143822
370.490000,491829.052124,803599.505792,706770.654440
370.500000,443743.523166,589245.712355,443549.837838
370.510000,397909.317568,757345.699807,498757.216216
370.520000,470141.666988,524535.628378,634980.005792
370.530000,382160.336873,635062.575290,535727.785714
370.540000,583839.251931,867797.750965,801981.112934
370.550000,478389.715251,613121.803089,610193.501931
370.560000,327336.492278,655619.924710,381319.754826
370.570000,461014.974903,468699.770270,528683.901544
370.580000,399764.522201,502484.814672,494338.827220
370.590000,489281.368726,675964.097490,587214.625483
370.600000,462956.278958,680568.344595,594285.521236
370.610000,431267.548263,683662.705598,544930.754826
370.620000,442118.070463,431159.962355,509283.445946
370.630000,452722.418919,562893.917954,584454.072394
370.640000,498034.502896,714061.019305,575130.318533
370.650000,413142.469112,782056.694015,557698.792471
370.660000,382880.441120,570403.751931,484836.582046
370.670000,440589.153475,371511.480695,563530.992278
370.680000,467435.597490,588601.424710,453623.930502
370.690000,398862.089768,607416.220077,554031.816602
370.700000,537820.722973,804175.190154,634679.808880
370.710000,445492.216216,654889.998069,606413.261583
370.720000,321839.788610,399048.254826,328844.690154
370.730000,438081.527027,636161.609073,453993.498069
370.740000,387589.511583,490852.030888,619850.910232
370.750000,470241.272201,733943.846525,662871.306950
370.760000,417413.061776,772196.084942,620473.711390
370.770000,451612.334942,415127.973938,501629.959459
370.780000,389241.515444,670494.251931,502202.113900
370.790000,460169.942085,740912.527992,556542.666023
370.800000,442836.179537,753699.136100,640283.791506
370.810000,492250.033784,695157.208494,734269.673745
370.820000,483028.187259,705802.534749,495885.393822
370.830000,504270.188224,741692.180502,615452.933398
370.840000,348876.541506,482831.739382,479054.875483
370.850000,373355.635135,660724.193050,482845.552124
370.860000,448602.231660,755897.510618,585044.183398
370.870000,398371.277027,363841.418919,467617.004826
370.880000,357269.623552,497728.627413,384559.763514
370.890000,352687.937259,481263.379344,405620.357143
370.900000,445444.025097,597471.967181,545147.768340
370.910000,465298.766409,677612.264479,550348.725869
370.920000,464897.889961,376892.464286,566958.547297
370.930000,391679.617761,486050.875483,452806.523166
370.940000,400584.999035,495030.538610,475672.135135
370.950000,360153.110039,556792.523166,419913.014479
370.960000,444246.767375,677180.693050,554542.581081
370.970000,344992.705598,316839.422780,337868.093629
370.980000,424078.016409,504273.871622,486762.078185
370.990000,457831.751931,689600.189189,494219.884170
371.000000,357381.813707,451860.657336,442475.206564
371.010000,427073.232625,699479.675676,487725.440154
371.020000,496956.495174,429319.491313,583730.745174
371.030000,359252.519305,528084.275097,375949.361004
371.040000,496258.644788,646951.355212,610940.157336
371.050000,379592.241313,533959.447876,444033.283784
371.060000,460164.110039,687956.319498,535509.390927
371.070000,468440.858108,542261.826255,478280.287645
371.080000,372051.098456,430372.636100,388652.325290
371.090000,360801.694981,573707.606178,519461.594595
371.100000,504863.061776,862658.490347,694849.184363
371.110000,343937.258687,701659.940154,471120.683398
371.120000,324473.111004,557459.985521,314291.892857
371.130000,525798.726834,912695.145753,553873.277027
371.140000,529337.551158,814252.198842,580056.555985
371.150000,454838.530888,804101.522201,667282.022201
371.160000,565516.190154,873466.039575,791077.181467
371.170000,381032.142857,567100.511583,372262.126448
371.180000,425117.501931,738783.370656,530146.210425
371.190000,463754.501931,495003.680502,693625.989382
371.200000,492332.449807,722454.101351,648084.613900
371.210000,548977.734556,776396.846525,634759.922780
371.220000,435451.274131,611567.409266,476822.122587
371.230000,321894.272201,531401.481660,398147.510618
371.240000,468634.696911,439111.190154,553967.050193
371.250000,387203.061776,497989.995174,422707.792471
371.260000,485989.945946,751930.798263,619253.892857
371.270000,488023.488417,689652.063707,631340.501931
371.280000,385516.219112,652076.496139,446666.606178
371.290000,487835.174710,474334.294402,570060.735521
371.300000,479420.913127,508860.929537,566059.951737
371.310000,471567.448842,682782.373552,566299.372587
371.320000,403417.685328,516957.191120,540791.843629
371.330000,424238.704633,617566.589768,443431.662162
371.340000,422489.858108,370144.479730,493960.665058
371.350000,484656.862934,484680.958494,523014.231660
371.360000,394369.572394,694782.883205,501343.268340
371.370000,554979.370656,820073.194981,651588.445946
371.380000,472990.161197,783497.209459,598885.777992
371.390000,409549.314672,659735.047297,515377.013514
371.400000,504414.915058,600009.214286,631098.165058
371.410000,410089.085907,502242.324324,556148.849421
371.420000,508946.261583,841819.054054,615758.348456
371.430000,398862.550193,655475.965251,584889.327220
371.440000,440615.704633,686518.720077,555901.294402
371.450000,526784.035714,793029.535714,544730.930502
371.460000,466565.548263,696625.656371,592139.942085
371.470000,441196.914093,802391.658301,645929.212355
371.480000,423178.346525,735430.557915,654544.986486
371.490000,501067.627413,892536.524131,662337.981660
371.500000,361752.011583,579567.431467,410832.057915
371.510000,394047.888996,660591.437259,507107.632239
371.520000,529341.694981,782413.830116,672748.798263
371.530000,330426.249035,514385.872587,361279.308880
371.540000,364170.162162,397873.864865,453524.632239
371.550000,471089.221042,606468.972973,533090.472973
371.560000,353559.214286,483927.703668,430093.465251
371.570000,413485.792471,611253.860039,482330.950772
371.580000,399629.464286,568891.256757,483992.316602
371.590000,396375.028958,431583.092664,473512.896718
371.600000,431932.708494,556214.690154,522696.845560
371.610000,346069.638996,447472.195946,443636.551158
371.620000,480731.281853,635061.194015,523017.608108
371.630000,439673.061776,373552.236486,475606.140927
371.640000,397297.720077,436508.102317,385369.497104
371.650000,493869.040541,591254.852317,577682.606178
371.660000,305678.420849,488172.666023,271696.314672
371.670000,421083.414093,564893.235521,525306.532819
371.680000,404027.441120,420250.812741,423400.578185
371.690000,321199.184363,357174.008687,364561.830116
371.700000,428172.726834,519142.366795,548033.403475
371.710000,445148.585907,706636.670849,603266.105212
371.720000,384586.928571,604487.918919,431543.342664
371.730000,385630.864865,437473.612934,349518.833977
371.740000,545370.000000,613390.691120,568858.259653
371.750000,365210.261583,495066.605212,447825.034749
371.760000,463913.348456,680711.383205,618765.075290
371.770000,387806.678571,671639.788610,521025.503861
371.780000,345206.342664,492024.886100,305912.009653
371.790000,412191.385135,715168.033784,438459.382239
371.800000,516974.840734,655114.838803,669209.206564
371.810000,431238.848456,799132.004826,581998.780888
371.820000,433570.285714,838837.036680,729990.639961
371.830000,442767.115830,597509.875483,385247.331081
371.840000,395662.444981,784070.131274,443070.075290
371.850000,483040.004826,512210.212355,662235.613900
371.860000,463110.521236,644203.233591,606862.022201
371.870000,538288.054054,791609.278958,733381.054054
371.880000,457179.023166,744996.802124,521135.084942
371.890000,386632.902510,674665.546332,424933.332046
371.900000,465146.826255,452442.941120,572105.328185
371.910000,473836.421815,566928.005792,540444.529923
371.920000,433758.292471,590869.016409,511755.926641
371.930000,540756.851351,789367.164093,654642.443050
371.940000,380693.423745,660562.737452,517660.106178
371.950000,493711.728764,506816.490347,544106.134170
371.960000,342175.520270,332888.907336,423000.469112
371.970000,377582.027027,603116.160232,422673.414093
371.980000,507297.173745,762649.945946,622400.742278
371.990000,331887.637066,589752.639961,464686.708494
372.000000,438187.271236,273965.901544,525235.473938
372.010000,451738.184363,493086.472008,515668.308880
372.020000,438070.169884,555029.863900,563363.551158
372.030000,469412.661197,747346.042471,549103.583977
372.040000,521592.133205,872313.289575,699860.600386
372.050000,440816.910232,458121.512548,482696.374517
372.060000,423379.552124,560541.761583,505607.875483
372.070000,434171.600386,681721.248069,551652.341699
372.080000,441763.850386,685177.656371,596006.742278
372.090000,473806.954633,780639.046332,701682.500965
372.100000,382307.519305,532331.079151,378273.124517
372.110000,493893.903475,691965.390927,546238.207529
372.120000,533417.527992,779745.822394,698546.548263
372.130000,521453.698842,934667.533784,702473.817568
372.140000,468916.476834,947384.003861,674427.046332
372.150000,550394.461390,699749.944981,653128.413127
372.160000,397929.729730,543134.484556,478866.254826
372.170000,402117.292471,548696.415058,568238.988417
372.180000,466112.336873,742358.108108,692966.661197
372.190000,388241.626448,737083.943050,427268.913127
372.200000,465722.971042,449978.441120,619749.156371
372.210000,390768.130309,501965.455598,438678.237452
372.220000,443306.580116,613460.982625,516479.884170
372.230000,367878.269305,565004.658301,448443.692085
372.240000,415421.417954,640777.520270,500881.615830
372.250000,510516.770270,468137.438224,593802.842664
372.260000,270301.534749,407144.516409,313558.896718
372.270000,406128.819498,542608.986486,499408.256757
372.280000,364120.282819,479766.692085,429548.475869
372.290000,465733.253861,642926.015444,550317.263514
372.300000,393759.202703,443198.533784,385756.100386
372.310000,409798.404440,449659.366795,472247.342664
372.320000,491703.816602,625159.914093,573927.535714
372.330000,383088.553089,426608.971042,487499.371622
372.340000,445296.535714,668060.907336,545871.402510
372.350000,433321.349421,381743.959459,522985.838803
372.360000,334456.039575,441338.111004,370248.075290
372.370000,471006.805019,610323.648649,595442.108108
372.380000,408709.653475,549764.753861,572967.550193
372.390000,406230.112934,484758.002896,567195.666023
372.400000,422085.144788,422131.647683,465840.379344
372.410000,399500.545367,600320.921815,409575.405405
372.420000,392471.394788,568709.388996,533105.206564
372.430000,516548.333977,786359.823359,707879.971042
372.440000,370942.242278,652828.216216,463764.938224
372.450000,390000.602317,680627.278958,320060.707529
372.460000,552162.031853,863928.955598,556090.682432
372.470000,471300.709459,735260.507722,549704.131274
372.480000,413656.149614,809798.203668,625890.608108
372.490000,510178.818533,819113.055985,740119.216216
372.500000,420670.106178,586699.717181,411260.559846
372.510000,416261.539575,770322.309846,532525.992278
372.520000,523524.535714,535740.370656,717916.155405
372.530000,386142.703668,639349.589768,543720.605212
372.540000,601487.944981,862002.999035,820560.631274
372.550000,485558.067568,767848.294402,551425.045367
372.560000,350419.424710,649420.612934,407393.452703
372.570000,434640.926641,375082.381274,518888.979730
372.580000,414566.869691,546775.216216,481758.182432
372.590000,458334.842664,620160.162162,577212.359073
372.600000,511329.880309,731633.281853,640760.944981
372.610000,376190.316602,641552.415058,440728.201737
372.620000,497106.286680,450481.224903,569894.982625
372.630000,444485.420849,539148.280888,568270.911197
372.640000,485907.529923,668713.175676,566316.254826
372.650000,441893.843629,791815.702703,595673.548263
372.660000,341822.681467,548750.284749,390723.315637
372.670000,380789.652510,264334.890927,480812.930502
372.680000,513501.703668,596873.261583,494645.009653
372.690000,385468.795367,586871.148649,532738.555019
372.700000,538284.831081,800573.441120,630269.707529
372.710000,486489.660232,672248.777027,649988.316602
372.720000,352465.552124,368955.049228,345166.285714
372.730000,421728.008687,611155.636100,425036.006757
372.740000,425963.762548,484836.428571,641622.399614
372.750000,463371.275097,715710.721042,637649.855212
372.760000,434764.780888,727035.173745,644636.032819
372.770000,436060.109073,571235.432432,615276.437259
372.780000,419513.519305,634282.155405,531421.433398
372.790000,488983.166988,739485.518340,571764.920849
372.800000,375908.690154,701860.992278,552954.269305
372.810000,456968.455598,703691.333977,668374.610039
372.820000,464596.925676,820638.903475,565179.926641
372.830000,498004.421815,733722.689189,593568.793436
372.840000,421439.782819,582419.916023,627784.488417
372.850000,440235.700772,711487.398649,599020.375483
372.860000,434009.070463,767265.243243,557068.164093
372.870000,410659.245174,355181.597490,466621.413127
372.880000,425837.145753,550700.490347,534417.877413
372.890000,344836.007722,450102.141892,357968.241313
372.900000,446778.182432,606588.836873,547369.777992
372.910000,388305.011583,659280.301158,443701.777992
372.920000,383486.666988,348852.138996,447267.153475
372.930000,409726.117761,488651.814672,518276.000965
372.940000,446846.785714,495349.305985,506024.559846
372.950000,394292.374517,578559.561776,502477.601351
372.960000,391660.126448,662982.729730,477044.354247
372.970000,395476.126448,323002.821429,397041.723938
372.980000,385018.039575,561109.925676,397475.444015
372.990000,471458.021236,675847.303089,525328.786680
373.000000,396029.096525,460081.233591,497232.136100
373.010000,448297.583977,691411.960425,528102.692085
373.020000,412997.281853,446712.648649,492922.407336
373.030000,409170.078185,509709.645753,457393.120656
373.040000,471018.315637,616265.429537,633258.017375
373.050000,305658.162162,556446.590734,358399.659266
373.060000,444764.131274,718279.430502,538420.502896
373.070000,486681.196911,552302.307915,489797.504826
373.080000,344314.653475,490544.313707,383830.450772
373.090000,399171.341699,602169.833977,552847.450772
373.100000,429743.082046,887656.022201,624975.130309
373.110000,342324.851351,661106.038610,476907.761583
373.120000,358208.122587,635855.733591,369826.326255
373.130000,513248.777027,787459.777992,621784.847490
373.140000,500358.266409,877768.248069,548815.204633
373.150000,416347.485521,830539.569498,643617.573359
373.160000,504557.186293,874447.204633,731498.684363
373.170000,395394.324324,607639.219112,413121.596525
373.180000,508247.490347,784465.022201,597413.032819
373.190000,460426.859073,514825.424710,678658.349421
373.200000,520321.974903,779741.985521,660452.542471
373.210000,586403.510618,795045.888996,670070.661197
373.220000,386794.972008,640500.958494,426647.646718
373.230000,403032.156371,601085.687259,491779.786680
373.240000,476710.392857,500900.800193,532918.734556
373.250000,422100.338803,520020.089768,440149.601351
373.260000,449191.268340,708046.951737,580746.118726
373.270000,474238.065637,703171.821429,624484.624517
373.280000,331710.680502,476768.713320,383370.179537
373.290000,464721.700772,488158.392857,537550.146718
373.300000,433266.558880,510633.257722,531613.277027
373.310000,495997.430502,730530.871622,587311.621622
373.320000,515900.362934,631873.213320,650401.010618
373.330000,395783.536680,580623.645753,434749.126448
373.340000,478382.348456,384019.071429,528945.576255
373.350000,472717.743243,580661.707529,527848.998069
373.360000,391629.431467,680835.083977,441369.112934
373.370000,468302.884170,796433.609073,578923.143822
373.380000,400235.229730,628395.318533,497922.619691
373.390000,402024.440154,694475.779923,548754.428571
373.400000,550762.340734,608707.557915,676544.386100
373.410000,435533.536680,614300.950772,576787.233591
373.420000,502460.105212,759985.314672,648067.424710
373.430000,378856.482625,515255.154440,458327.475869
373.440000,520322.588803,833214.944015,663534.318533
373.450000,490106.910232,749295.941120,530614.155405
373.460000,550449.251931,883930.572394,708521.496139
373.470000,477220.543436,941060.530888,736282.497104
373.480000,442627.607143,581188.740347,619611.028958
373.490000,474403.665058,859492.303089,672417.138996
373.500000,419948.467181,688695.301158,464243.012548
373.510000,480239.241313,624789.886100,659845.549228
373.520000,486294.747104,809547.118726,716405.655405
373.530000,373210.601351,488398.427606,433110.014479
373.540000,363887.154440,548930.464286,433936.476834
373.550000,413752.685328,632104.500000,480962.875483
373.560000,406970.322394,379476.214286,515437.329151
373.570000,426087.463320,551853.086873,546614.988417
373.580000,429657.903475,455086.853282,499933.601351
373.590000,388223.055985,521923.792471,459344.861004
373.600000,410888.076255,652103.661197,492321.860039
373.610000,394134.602317,330332.475869,496882.213320
373.620000,487108.777992,542953.230695,512099.710425
373.630000,413365.007722,446662.922780,495317.383205
373.640000,441822.324324,514475.041506,452501.108108
373.650000,490952.556950,706543.665058,585625.853282
373.660000,337592.606178,365965.818533,278006.128378
373.670000,393906.078185,491069.811776,458758.433398
373.680000,398132.163127,522099.674710,378253.786680
373.690000,298582.201737,411773.472973,370167.500965
373.700000,478082.305019,622343.649614,577902.075290
373.710000,451652.238417,562539.544402,560699.380309
373.720000,339320.733591,476713.615830,332982.527027
373.730000,424452.648649,450565.482625,459753.871622
373.740000,517603.627413,674698.850386,582331.054054
373.750000,343092.072394,719614.815637,380570.490347
373.760000,442715.548263,711746.310811,655053.909266
373.770000,356809.198842,631542.935328,359464.775097
373.780000,336304.491313,623873.487452,430590.263514
373.790000,432613.676641,770026.717181,508685.814672
373.800000,482260.045367,734469.344595,589919.467181
373.810000,430678.204633,625541.606178,533488.126448
373.820000,446783.707529,778909.844595,656132.837838
373.830000,426000.750000,650500.155405,547423.340734
373.840000,426847.471042,807111.472008,517501.873552
373.850000,482032.288610,617353.106178,755853.463320
373.860000,429320.872587,646482.489382,542824.158301
373.870000,535745.742278,818212.618726,721536.321429
373.880000,360137.148649,567076.109073,391031.493243
373.890000,414984.014479,594935.487452,447423.851351
373.900000,456945.434363,464199.732625,579658.135135
373.910000,495914.093629,639109.555019,562229.678571
373.920000,493799.209459,699183.776062,565554.098456
373.930000,546209.047297,692679.970077,665227.607143
373.940000,331101.385135,432453.909266,440248.285714
373.950000,484501.699807,488372.643822,543644.174710
373.960000,381951.457529,498396.396718,507349.662162
373.970000,435634.830116,715697.982625,566813.973938
373.980000,526131.460425,703102.450772,631901.452703
373.990000,386275.919884,677735.504826,507599.826255
374.000000,417919.835907,360602.791506,522438.547297
374.010000,466614.660232,552150.521236,548767.627413
374.020000,420779.840734,637539.046332,568270.911197
374.030000,457050.257722,634865.666988,497504.400579
374.040000,510936.063707,765868.775097,648253.436293
374.050000,432394.821429,519058.876448,498253.511583
374.060000,439469.400579,603524.403475,546214.572394
374.070000,451175.545367,728772.202703,594731.365830
374.080000,431552.244208,583745.171815,531074.426641
374.090000,460169.481660,686540.973938,632302.943050
374.100000,389224.633205,582095.930502,417467.852317
374.110000,500457.564672,738015.075290,584955.628378
374.120000,539728.262548,823459.004826,737663.310811
374.130000,505757.666988,851496.414093,620498.727799
374.140000,476527.757722,856561.699807,612622.395753
374.150000,500024.765444,813807.121622,621748.166988
374.160000,394653.347490,599362.777992,511784.472973
374.170000,410041.355212,592224.506757,619252.511583
374.180000,453377.756757,675964.864865,606756.124517
374.190000,402540.729730,783824.111004,498585.477799
374.200000,475788.776062,479035.537645,668421.112934
374.210000,365219.930502,469976.681467,368448.428571
374.220000,444674.962355,612591.547297,518050.699807
374.230000,369436.346525,566245.042471,453497.620656
374.240000,417438.845560,642280.193050,507299.782819
374.250000,509520.411197,466065.987452,590268.008687
374.260000,322536.718147,462595.919884,362376.807915
374.270000,390155.458494,551424.584942,481634.788610
374.280000,357870.324324,472606.166988,424836.642857
374.290000,478867.789575,689458.531853,542190.000000
374.300000,380928.700772,422463.613900,375283.586873
374.310000,393245.522201,431149.986486,454217.571429
374.320000,534571.198842,660433.972008,621792.214286
374.330000,368692.607143,412246.482625,470903.055985
374.340000,436719.744208,660779.597490,535794.547297
374.350000,462187.216216,404114.768340,557787.347490
374.360000,314804.038610,417553.951737,344296.850386
374.370000,452292.535714,590164.259653,570450.561776
374.380000,436493.522201,563739.871622,606944.131274
374.390000,393539.426641,474933.000000,550471.198842
374.400000,410003.907336,413713.395753,449921.194981
374.410000,432535.557915,603646.876448,459527.035714
374.420000,377806.407336,553151.177606,515260.372587
374.430000,496551.474903,766201.201737,686920.517375
374.440000,432635.163127,728491.190154,577202.690154
374.450000,377270.779923,665800.375483,297817.129344
374.460000,531044.959459,847956.668919,522531.092664
374.470000,500491.022201,747379.193050,592929.570463
374.480000,401281.621622,801835.465251,606430.143822
374.490000,491829.052124,803599.505792,706770.654440
374.500000,443743.523166,589245.712355,443549.837838
374.510000,397909.317568,757345.699807,498757.216216
374.520000,470141.666988,524535.628378,634980.005792
374.530000,382160.336873,635062.575290,535727.785714
374.540000,583839.251931,867797.750965,801981.112934
374.550000,478389.715251,613121.803089,610193.501931
374.560000,327336.492278,655619.924710,381319.754826
374.570000,461014.974903,468699.770270,528683.901544
374.580000,399764.522201,502484.814672,494338.827220
374.590000,489281.368726,675964.097490,587214.625483
374.600000,462956.278958,680568.344595,594285.521236
374.610000,431267.548263,683662.705598,544930.754826
374.620000,442118.070463,431159.962355,509283.445946
374.630000,452722.418919,562893.917954,584454.072394
374.640000,498034.502896,714061.019305,575130.318533
374.650000,413142.469112,782056.694015,557698.792471
374.660000,382880.441120,570403.751931,484836.582046
374.670000,440589.153475,371511.480695,563530.992278
374.680000,467435.597490,588601.424710,453623.930502
374.690000,398862.089768,607416.220077,554031.816602
374.700000,537820.722973,804175.190154,634679.808880
374.710000,445492.216216,654889.998069,606413.261583
374.720000,321839.788610,399048.254826,328844.690154
374.730000,438081.527027,636161.609073,453993.498069
374.740000,387589.511583,490852.030888,619850.910232
374.750000,470241.272201,733943.846525,662871.306950
374.760000,417413.061776,772196.084942,620473.711390
374.770000,451612.334942,415127.973938,501629.959459
374.780000,389241.515444,670494.251931,502202.113900
374.790000,460169.942085,740912.527992,556542.666023
374.800000,442836.179537,753699.136100,640283.791506
374.810000,492250.033784,695157.208494,734269.673745
374.820000,483028.187259,705802.534749,495885.393822
374.830000,504270.188224,741692.180502,615452.933398
374.840000,348876.541506,482831.739382,479054.875483
374.850000,373355.635135,660724.193050,482845.552124
374.860000,448602.231660,755897.510618,585044.183398
374.870000,398371.277027,363841.418919,467617.004826
374.880000,357269.623552,497728.627413,384559.763514
374.890000,352687.937259,481263.379344,405620.357143
374.900000,445444.025097,597471.967181,545147.768340
374.910000,465298.766409,677612.264479,550348.725869
374.920000,464897.889961,376892.464286,566958.547297
374.930000,391679.617761,486050.875483,452806.523166
374.940000,400584.999035,495030.538610,475672.135135
374.950000,360153.110039,556792.523166,419913.014479
374.960000,444246.767375,677180.693050,554542.581081
374.970000,344992.705598,316839.422780,337868.093629
374.980000,424078.016409,504273.871622,486762.078185
374.990000,457831.751931,689600.189189,494219.884170
375.000000,357381.813707,451860.657336,442475.206564
375.010000,427073.232625,699479.675676,487725.440154
375.020000,496956.495174,429319.491313,583730.745174
375.030000,359252.519305,528084.275097,375949.361004
375.040000,496258.644788,646951.355212,610940.157336
375.050000,379592.241313,533959.447876,444033.283784
375.060000,460164.110039,687956.319498,535509.390927
375.070000,468440.858108,542261.826255,478280.287645
375.080000,372051.098456,430372.636100,388652.325290
375.090000,360801.694981,573707.606178,519461.594595
375.100000,504863.061776,862658.490347,694849.184363
375.110000,343937.258687,701659.940154,471120.683398
375.120000,324473.111004,557459.985521,314291.892857
375.130000,525798.726834,912695.145753,553873.277027
375.140000,529337.551158,814252.198842,580056.555985
375.150000,454838.530888,804101.522201,667282.022201
375.160000,565516.190154,873466.039575,791077.181467
375.170000,381032.142857,567100.511583,372262.126448
375.180000,425117.501931,738783.370656,530146.210425
375.190000,463754.501931,495003.680502,693625.989382
375.200000,492332.449807,722454.101351,648084.613900
375.210000,548977.734556,776396.846525,634759.922780
375.220000,435451.274131,611567.409266,476822.122587
375.230000,321894.272201,531401.481660,398147.510618
375.240000,468634.696911,439111.190154,553967.050193
375.250000,387203.061776,497989.995174,422707.792471
375.260000,485989.945946,751930.798263,619253.892857
375.270000,488023.488417,689652.063707,631340.501931
375.280000,385516.219112,652076.496139,446666.606178
375.290000,487835.174710,474334.294402,570060.735521
375.300000,479420.913127,508860.929537,566059.951737
375.310000,471567.448842,682782.373552,566299.372587
375.320000,403417.685328,516957.191120,540791.843629
375.330000,424238.704633,617566.589768,443431.662162
375.340000,422489.858108,370144.479730,493960.665058
375.350000,484656.862934,484680.958494,523014.231660
375.360000,394369.572394,694782.883205,501343.268340
375.370000,554979.370656,820073.194981,651588.445946
375.380000,472990.161197,783497.209459,598885.777992
375.390000,409549.314672,659735.047297,515377.013514
375.400000,504414.915058,600009.214286,631098.165058
375.410000,410089.085907,502242.324324,556148.849421
375.420000,508946.261583,841819.054054,615758.348456
375.430000,398862.550193,655475.965251,584889.327220
375.440000,440615.704633,686518.720077,555901.294402
375.450000,526784.035714,793029.535714,544730.930502
375.460000,466565.548263,696625.656371,592139.942085
375.470000,441196.914093,802391.658301,645929.212355
375.480000,423178.346525,735430.557915,654544.986486
375.490000,501067.627413,892536.524131,662337.981660
375.500000,361752.011583,579567.431467,410832.057915
375.510000,394047.888996,660591.437259,507107.632239
375.520000,529341.694981,782413.830116,672748.798263
375.530000,330426.249035,514385.872587,361279.308880
375.540000,364170.162162,397873.864865,453524.632239
375.550000,471089.221042,606468.972973,533090.472973
375.560000,353559.214286,483927.703668,430093.465251
375.570000,413485.792471,611253.860039,482330.950772
375.580000,399629.464286,568891.256757,483992.316602
375.590000,396375.028958,431583.092664,473512.896718
375.600000,431932.708494,556214.690154,522696.845560
375.610000,346069.638996,447472.195946,443636.551158
375.620000,480731.281853,635061.194015,523017.608108
375.630000,439673.061776,373552.236486,475606.140927
375.640000,397297.720077,436508.102317,385369.497104
375.650000,493869.040541,591254.852317,577682.606178
375.660000,305678.420849,488172.666023,271696.314672
375.670000,421083.414093,564893.235521,525306.532819
375.680000,404027.441120,420250.812741,423400.578185
375.690000,321199.184363,357174.008687,364561.830116
375.700000,428172.726834,519142.366795,548033.403475
375.710000,445148.585907,706636.670849,603266.105212
375.720000,384586.928571,604487.918919,431543.342664
375.730000,385630.864865,437473.612934,349518.833977
375.740000,545370.000000,613390.691120,568858.259653
375.750000,365210.261583,495066.605212,447825.034749
375.760000,463913.348456,680711.383205,618765.075290
375.770000,387806.678571,671639.788610,521025.503861
375.780000,345206.342664,492024.886100,305912.009653
375.790000,412191.385135,715168.033784,438459.382239
375.800000,516974.840734,655114.838803,669209.206564
375.810000,431238.848456,799132.004826,581998.780888
375.820000,433570.285714,838837.036680,729990.639961
375.830000,442767.115830,597509.875483,385247.331081
375.840000,395662.444981,784070.131274,443070.075290
375.850000,483040.004826,512210.212355,662235.613900
375.860000,463110.521236,644203.233591,606862.022201
375.870000,538288.054054,791609.278958,733381.054054
375.880000,457179.023166,744996.802124,521135.084942
375.890000,386632.902510,674665.546332,424933.332046
375.900000,465146.826255,452442.941120,572105.328185
375.910000,473836.421815,566928.005792,540444.529923
375.920000,433758.292471,590869.016409,511755.926641
375.930000,540756.851351,789367.164093,654642.443050
375.940000,380693.423745,660562.737452,517660.106178
375.950000,493711.728764,506816.490347,544106.134170
375.960000,342175.520270,332888.907336,423000.469112
375.970000,377582.027027,603116.160232,422673.414093
375.980000,507297.173745,762649.945946,622400.742278
375.990000,331887.637066,589752.639961,464686.708494
376.000000,438187.271236,273965.901544,525235.473938
376.010000,451738.184363,493086.472008,515668.308880
376.020000,438070.169884,555029.863900,563363.551158
376.030000,469412.661197,747346.042471,549103.583977
376.040000,521592.133205,872313.289575,699860.600386
376.050000,440816.910232,458121.512548,482696.374517
376.060000,423379.552124,560541.761583,505607.875483
376.070000,434171.600386,681721.248069,551652.341699
376.080000,441763.850386,685177.656371,596006.742278
376.090000,473806.954633,780639.046332,701682.500965
376.100000,382307.519305,532331.079151,378273.124517
376.110000,493893.903475,691965.390927,546238.207529
376.120000,533417.527992,779745.822394,698546.548263
376.130000,521453.698842,934667.533784,702473.817568
376.140000,468916.476834,947384.003861,674427.046332
376.150000,550394.461390,699749.944981,653128.413127
376.160000,397929.729730,543134.484556,478866.254826
376.170000,402117.292471,548696.415058,568238.988417
376.180000,466112.336873,742358.108108,692966.661197
376.190000,388241.626448,737083.943050,427268.913127
376.200000,465722.971042,449978.441120,619749.156371
376.210000,390768.130309,501965.455598,438678.237452
376.220000,443306.580116,613460.982625,516479.884170
376.230000,367878.269305,565004.658301,448443.692085
376.240000,415421.417954,640777.520270,500881.615830
376.250000,510516.770270,468137.438224,593802.842664
376.260000,270301.534749,407144.516409,313558.896718
376.270000,406128.819498,542608.986486,499408.256757
376.280000,364120.282819,479766.692085,429548.475869
376.290000,465733.253861,642926.015444,550317.263514
376.300000,393759.202703,443198.533784,385756.100386
376.310000,409798.404440,449659.366795,472247.342664
376.320000,491703.816602,625159.914093,573927.535714
376.330000,383088.553089,426608.971042,487499.371622
376.340000,445296.535714,668060.907336,545871.402510
376.350000,433321.349421,381743.959459,522985.838803
376.360000,334456.039575,441338.111004,370248.075290
376.370000,471006.805019,610323.648649,595442.108108
376.380000,408709.653475,549764.753861,572967.550193
376.390000,406230.112934,484758.002896,567195.666023
376.400000,422085.144788,422131.647683,465840.379344
376.410000,399500.545367,600320.921815,409575.405405
376.420000,392471.394788,568709.388996,533105.206564
376.430000,516548.333977,786359.823359,707879.971042
376.440000,370942.242278,652828.216216,463764.938224
376.450000,390000.602317,680627.278958,320060.707529
376.460000,552162.031853,863928.955598,556090.682432
376.470000,471300.709459,735260.507722,549704.131274
376.480000,413656.149614,809798.203668,625890.608108
376.490000,510178.818533,819113.055985,740119.216216
376.500000,420670.106178,586699.717181,411260.559846
376.510000,416261.539575,770322.309846,532525.992278
376.520000,523524.535714,535740.370656,717916.155405
376.530000,386142.703668,639349.589768,543720.605212
376.540000,601487.944981,862002.999035,820560.631274
376.550000,485558.067568,767848.294402,551425.045367
376.560000,350419.424710,649420.612934,407393.452703
376.570000,434640.926641,375082.381274,518888.979730
376.580000,414566.869691,546775.216216,481758.182432
376.590000,458334.842664,620160.162162,577212.359073
376.600000,511329.880309,731633.281853,640760.944981
376.610000,376190.316602,641552.415058,440728.201737
376.620000,497106.286680,450481.224903,569894.982625
376.630000,444485.420849,539148.280888,568270.911197
376.640000,485907.529923,668713.175676,566316.254826
376.650000,441893.843629,791815.702703,595673.548263
376.660000,341822.681467,548750.284749,390723.315637
376.670000,380789.652510,264334.890927,480812.930502
376.680000,513501.703668,596873.261583,494645.009653
376.690000,385468.795367,586871.148649,532738.555019
376.700000,538284.831081,800573.441120,630269.707529
376.710000,486489.660232,672248.777027,649988.316602
376.720000,352465.552124,368955.049228,345166.285714
376.730000,421728.008687,611155.636100,425036.006757
376.740000,425963.762548,484836.428571,641622.399614
376.750000,463371.275097,715710.721042,637649.855212
376.760000,434764.780888,727035.173745,644636.032819
376.770000,436060.109073,571235.432432,615276.437259
376.780000,419513.519305,634282.155405,531421.433398
376.790000,488983.166988,739485.518340,571764.920849
376.800000,375908.690154,701860.992278,552954.269305
376.810000,456968.455598,703691.333977,668374.610039
376.820000,464596.925676,820638.903475,565179.926641
376.830000,498004.421815,733722.689189,593568.793436
376.840000,421439.782819,582419.916023,627784.488417
376.850000,440235.700772,711487.398649,599020.375483
376.860000,434009.070463,767265.243243,557068.164093
376.870000,410659.245174,355181.597490,466621.413127
376.880000,425837.145753,550700.490347,534417.877413
376.890000,344836.007722,450102.141892,357968.241313
376.900000,446778.182432,606588.836873,547369.777992
376.910000,388305.011583,659280.301158,443701.777992
376.920000,383486.666988,348852.138996,447267.153475
376.930000,409726.117761,488651.814672,518276.000965
376.940000,446846.785714,495349.305985,506024.559846
376.950000,394292.374517,578559.561776,502477.601351
376.960000,391660.126448,662982.729730,477044.354247
376.970000,395476.126448,323002.821429,397041.723938
376.980000,385018.039575,561109.925676,397475.444015
376.990000,471458.021236,675847.303089,525328.786680
377.000000,396029.096525,460081.233591,497232.136100
377.010000,448297.583977,691411.960425,528102.692085
377.020000,412997.281853,446712.648649,492922.407336
377.030000,409170.078185,509709.645753,457393.120656
377.040000,471018.315637,616265.429537,633258.017375
377.050000,305658.162162,556446.590734,358399.659266
377.060000,444764.131274,718279.430502,538420.502896
377.070000,486681.196911,552302.307915,489797.504826
377.080000,344314.653475,490544.313707,383830.450772
377.090000,399171.341699,602169.833977,552847.450772
377.100000,429743.082046,887656.022201,624975.130309
377.110000,342324.851351,661106.038610,476907.761583
377.120000,358208.122587,635855.733591,369826.326255
377.130000,513248.777027,787459.777992,621784.847490
377.140000,500358.266409,877768.248069,548815.204633
377.150000,416347.485521,830539.569498,643617.573359
377.160000,504557.186293,874447.204633,731498.684363
377.170000,395394.324324,607639.219112,413121.596525
377.180000,508247.490347,784465.022201,597413.032819
377.190000,460426.859073,514825.424710,678658.349421
377.200000,520321.974903,779741.985521,660452.542471
377.210000,586403.510618,795045.888996,670070.661197
377.220000,386794.972008,640500.958494,426647.646718
377.230000,403032.156371,601085.687259,491779.786680
377.240000,476710.392857,500900.800193,532918.734556
377.250000,422100.338803,520020.089768,440149.601351
377.260000,449191.268340,708046.951737,580746.118726
377.270000,474238.065637,703171.821429,624484.624517
377.280000,331710.680502,476768.713320,383370.179537
377.290000,464721.700772,488158.392857,537550.146718
377.300000,433266.558880,510633.257722,531613.277027
377.310000,495997.430502,730530.871622,587311.621622
377.320000,515900.362934,631873.213320,650401.010618
377.330000,395783.536680,580623.645753,434749.126448
377.340000,478382.348456,384019.071429,528945.576255
377.350000,472717.743243,580661.707529,527848.998069
377.360000,391629.431467,680835.083977,441369.112934
377.370000,468302.884170,796433.609073,578923.143822
377.380000,400235.229730,628395.318533,497922.619691
377.390000,402024.440154,694475.779923,548754.428571
377.400000,550762.340734,608707.557915,676544.386100
377.410000,435533.536680,614300.950772,576787.233591
377.420000,502460.105212,759985.314672,648067.424710
377.430000,378856.482625,515255.154440,458327.475869
377.440000,520322.588803,833214.944015,663534.318533
377.450000,490106.910232,749295.941120,530614.155405
377.460000,550449.251931,883930.572394,708521.496139
377.470000,477220.543436,941060.530888,736282.497104
377.480000,442627.607143,581188.740347,619611.028958
377.490000,474403.665058,859492.303089,672417.138996
377.500000,419948.467181,688695.301158,464243.012548
377.510000,480239.241313,624789.886100,659845.549228
377.520000,486294.747104,809547.118726,716405.655405
377.530000,373210.601351,488398.427606,433110.014479
377.540000,363887.154440,548930.464286,433936.476834
377.550000,413752.685328,632104.500000,480962.875483
377.560000,406970.322394,379476.214286,515437.329151
377.570000,426087.463320,551853.086873,546614.988417
377.580000,429657.903475,455086.853282,499933.601351
377.590000,388223.055985,521923.792471,459344.861004
377.600000,410888.076255,652103.661197,492321.860039
377.610000,394134.602317,330332.475869,496882.213320
377.620000,487108.777992,542953.230695,512099.710425
