case_group,case_id,metric,value,RAC_value,change_percent,percent_unavailable_reason
load_decomposition,R0,soil_energy_total_J,6.782912081359085e-12,9754911.229495715,-100.0,
load_decomposition,R0,soil_energy_source_interval_contribution_J,6.782912081359085e-12,7857376.310705911,-100.0,
load_decomposition,R0,soil_energy_proxy_interval_contribution_J,0.0,810745.807542214,-100.0,
load_decomposition,R0,soil_energy_transition_interval_contribution_J,0.0,1086789.111247614,-100.0,
load_decomposition,R0,source_frame_fraction,1.0,0.9715047492084653,2.9331046312178337,
load_decomposition,R0,proxy_frame_fraction,0.0,0.028495250791534744,-100.0,
load_decomposition,R0,roll_phi_rms_deg,0.12212105573197439,0.1607811867737967,-24.04518328143287,
load_decomposition,R0,roll_phi_abs_peak_deg,0.12212105659076315,0.629523989060107,-80.60104798022194,
load_decomposition,R0,roll_p_rms_deg_s,4.0518478997730984e-10,0.12070771044567308,-99.99999966432568,
load_decomposition,R0,roll_p_abs_peak_deg_s,1.2345599739583721e-09,0.8024914273104661,-99.9999998461591,
load_decomposition,R0,buffer_relative_pitch_rms_rad,0.01140740271633279,0.02274643210347487,-49.849705376035075,
load_decomposition,R0,buffer_relative_pitch_abs_peak_rad,0.011407402731952123,0.04491263224289723,-74.60090366055941,
load_decomposition,R0,branch1_stroke_utilization_p95,0.25075903700932844,0.9105575581547505,-72.46093508712475,
load_decomposition,R0,branch1_stroke_utilization_abs_peak,0.25075903717741177,0.9905607470215019,-74.6851429423774,
load_decomposition,R0,branch2_stroke_utilization_p95,0.2548910784544667,0.9293332287855461,-72.5726929201102,
load_decomposition,R0,branch2_stroke_utilization_abs_peak,0.2548910786255769,0.9997618944194286,-74.504821593186,
load_decomposition,R0,branch1_pressure_min_Pa,14353955.85764154,11182317.957048526,28.36297369449992,
load_decomposition,R0,branch1_pressure_max_Pa,14353955.859912097,17019695.346408445,-15.66267452054529,
load_decomposition,R0,branch2_pressure_min_Pa,12711104.32557416,11003680.62669265,15.516841653325091,
load_decomposition,R0,branch2_pressure_max_Pa,12711104.327470252,16860789.799664993,-24.611453683368918,
load_decomposition,R0,branch1_rope_tension_p95_N,717580.4107278076,836348.3638455358,-14.200775448598039,
load_decomposition,R0,branch1_rope_tension_abs_peak_N,717580.4107543644,850845.5854806274,-15.662674520545798,
load_decomposition,R0,branch2_rope_tension_p95_N,644674.3036372997,760518.5399030717,-15.232269851111901,
load_decomposition,R0,branch2_rope_tension_abs_peak_N,644674.3036641598,855135.6076777729,-24.611453683369223,
load_decomposition,R0,soil_x_displacement_rms_m,2.117897117056229e-11,0.08640864499491943,-99.99999997548976,
load_decomposition,R0,soil_x_displacement_abs_peak_m,5.708556640755309e-11,0.23833334670911777,-99.99999997604802,
load_decomposition,R0,soil_rotation_rms_rad,0.010839575031138245,0.023794465471623706,-54.444973584024936,
load_decomposition,R0,soil_rotation_abs_peak_rad,0.010839575047883755,0.070062974700602,-84.5288112670006,
load_decomposition,R0,soil_force_x_total_rms_N,1893890.5485479708,3211366.7482100907,-41.02540453831495,
load_decomposition,R0,soil_force_x_total_abs_peak_N,1893890.5517006777,12607581.521226423,-84.97816136653903,
load_decomposition,R0,soil_moment_total_rms_Nm,5681671.64594139,8440718.929406008,-32.68734934239516,
load_decomposition,R0,soil_moment_total_abs_peak_Nm,5681671.654590313,33179091.205775462,-82.87574659790167,
load_decomposition,R0,support_runtime_delta_x_force_rms_N,0.0003639731000428423,478427.42463583016,-99.99999992392303,
load_decomposition,R0,support_runtime_delta_x_force_abs_peak_N,0.001174368429929018,1711493.652641907,-99.99999993138343,
load_decomposition,R0,support_runtime_delta_pitch_moment_rms_Nm,2373867.918655288,282017297.5973248,-99.15825449755043,
load_decomposition,R0,support_runtime_delta_pitch_moment_abs_peak_Nm,2373868.0942879543,944032503.2381368,-99.74853958034863,
load_decomposition,R0,branch1_proxy_endstop_reaction_p95_N,,575878.0243323357,,RAC_denominator_zero_or_nonfinite
load_decomposition,R0,branch1_proxy_endstop_reaction_abs_peak_N,,881833.9660598005,,RAC_denominator_zero_or_nonfinite
load_decomposition,R0,branch2_proxy_endstop_reaction_p95_N,,930299.9482425514,,RAC_denominator_zero_or_nonfinite
load_decomposition,R0,branch2_proxy_endstop_reaction_abs_peak_N,,999002.7056897056,,RAC_denominator_zero_or_nonfinite
load_decomposition,RA,soil_energy_total_J,9729286.712151784,9754911.229495715,-0.2626832447890515,
load_decomposition,RA,soil_energy_source_interval_contribution_J,7806052.767989376,7857376.310705911,-0.653189317744727,
load_decomposition,RA,soil_energy_proxy_interval_contribution_J,818144.6026335488,810745.807542214,0.9125912243400024,
load_decomposition,RA,soil_energy_transition_interval_contribution_J,1105089.3415288061,1086789.111247614,1.6838805331959739,
load_decomposition,RA,source_frame_fraction,0.9725045825695717,0.9715047492084653,0.10291595197255016,
load_decomposition,RA,proxy_frame_fraction,0.027495417430428264,0.028495250791534744,-3.508771929824554,
load_decomposition,RA,roll_phi_rms_deg,0.1641241590157702,0.1607811867737967,2.0792060993284798,
load_decomposition,RA,roll_phi_abs_peak_deg,0.6257857412423998,0.629523989060107,-0.5938213448050546,
load_decomposition,RA,roll_p_rms_deg_s,0.1262676798898287,0.12070771044567308,4.606142742354477,
load_decomposition,RA,roll_p_abs_peak_deg_s,0.7880538983526538,0.8024914273104661,-1.7990882477336039,
load_decomposition,RA,buffer_relative_pitch_rms_rad,0.022747616931842775,0.02274643210347487,0.00520885368972809,
load_decomposition,RA,buffer_relative_pitch_abs_peak_rad,0.044937232649316275,0.04491263224289723,0.05477391368646477,
load_decomposition,RA,branch1_stroke_utilization_p95,0.9124458823474435,0.9105575581547505,0.20738109038595248,
load_decomposition,RA,branch1_stroke_utilization_abs_peak,0.9911044958207729,0.9905607470215019,0.05489302911567828,
load_decomposition,RA,branch2_stroke_utilization_p95,0.9311522086348903,0.9293332287855461,0.19572956104466957,
load_decomposition,RA,branch2_stroke_utilization_abs_peak,0.999862366418391,0.9997618944194286,0.010049592760353524,
load_decomposition,RA,branch1_pressure_min_Pa,11181197.847703611,11182317.957048526,-0.010016790340043224,
load_decomposition,RA,branch1_pressure_max_Pa,17018289.238325,17019695.346408445,-0.008261652484527584,
load_decomposition,RA,branch2_pressure_min_Pa,11004371.878606264,11003680.62669265,0.006282006331007776,
load_decomposition,RA,branch2_pressure_max_Pa,16863083.859805644,16860789.799664993,0.013605887790003171,
load_decomposition,RA,branch1_rope_tension_p95_N,836580.5321766956,836348.3638455358,0.027759763896990145,
load_decomposition,RA,branch1_rope_tension_abs_peak_N,850775.2915751693,850845.5854806274,-0.008261652485198716,
load_decomposition,RA,branch2_rope_tension_p95_N,760443.6643403799,760518.5399030717,-0.009845330358596012,
load_decomposition,RA,branch2_rope_tension_abs_peak_N,855251.9564690071,855135.6076777729,0.013605887790142998,
load_decomposition,RA,soil_x_displacement_rms_m,0.08634550892115196,0.08640864499491943,-0.07306684854412641,
load_decomposition,RA,soil_x_displacement_abs_peak_m,0.2375783579988665,0.23833334670911777,-0.31677846204740745,
load_decomposition,RA,soil_rotation_rms_rad,0.02376891628143939,0.023794465471623706,-0.10737450780218126,
load_decomposition,RA,soil_rotation_abs_peak_rad,0.07005298168019058,0.070062974700602,-0.014262911978989412,
load_decomposition,RA,soil_force_x_total_rms_N,3212132.1572479685,3211366.7482100907,0.023834370157330025,
load_decomposition,RA,soil_force_x_total_abs_peak_N,12828129.523571238,12607581.521226423,1.7493283860468816,
load_decomposition,RA,soil_moment_total_rms_Nm,8442811.947621308,8440718.929406008,0.024796681808806606,
load_decomposition,RA,soil_moment_total_abs_peak_Nm,33860848.974333376,33179091.205775462,2.0547813209520354,
load_decomposition,RA,support_runtime_delta_x_force_rms_N,477281.84425613296,478427.42463583016,-0.23944705522874177,
load_decomposition,RA,support_runtime_delta_x_force_abs_peak_N,1709299.5583253433,1711493.652641907,-0.1281976309510082,
load_decomposition,RA,support_runtime_delta_pitch_moment_rms_Nm,281902556.51537764,282017297.5973248,-0.040685831303503804,
load_decomposition,RA,support_runtime_delta_pitch_moment_abs_peak_Nm,943323484.66162,944032503.2381368,-0.07510531407390472,
load_decomposition,RA,branch1_proxy_endstop_reaction_p95_N,581223.0070592395,575878.0243323357,0.928144937133303,
load_decomposition,RA,branch1_proxy_endstop_reaction_abs_peak_N,1017611.3751483981,881833.9660598005,15.397162540163492,
load_decomposition,RA,branch2_proxy_endstop_reaction_p95_N,935790.322000325,930299.9482425514,0.59017242429665,
load_decomposition,RA,branch2_proxy_endstop_reaction_abs_peak_N,999002.7056897056,999002.7056897056,0.0,
load_decomposition,RC,soil_energy_total_J,3103.1525321464364,9754911.229495715,-99.96818881833835,
load_decomposition,RC,soil_energy_source_interval_contribution_J,3103.1525321464364,7857376.310705911,-99.9605065048505,
load_decomposition,RC,soil_energy_proxy_interval_contribution_J,0.0,810745.807542214,-100.0,
load_decomposition,RC,soil_energy_transition_interval_contribution_J,0.0,1086789.111247614,-100.0,
load_decomposition,RC,source_frame_fraction,1.0,0.9715047492084653,2.9331046312178337,
load_decomposition,RC,proxy_frame_fraction,0.0,0.028495250791534744,-100.0,
load_decomposition,RC,roll_phi_rms_deg,0.12362907036860703,0.1607811867737967,-23.10725349817143,
load_decomposition,RC,roll_phi_abs_peak_deg,0.14318694367698756,0.629523989060107,-77.25472799046645,
load_decomposition,RC,roll_p_rms_deg_s,0.023233995304076837,0.12070771044567308,-80.75185485807572,
load_decomposition,RC,roll_p_abs_peak_deg_s,0.03867340915405171,0.8024914273104661,-95.18083211385013,
load_decomposition,RC,buffer_relative_pitch_rms_rad,0.011302492230781417,0.02274643210347487,-50.31092270046701,
load_decomposition,RC,buffer_relative_pitch_abs_peak_rad,0.011554449682344316,0.04491263224289723,-74.27349699778148,
load_decomposition,RC,branch1_stroke_utilization_p95,0.25336398450333064,0.9105575581547505,-72.17485240397389,
load_decomposition,RC,branch1_stroke_utilization_abs_peak,0.2539887609252425,0.9905607470215019,-74.35909289874888,
load_decomposition,RC,branch2_stroke_utilization_p95,0.25754297280903593,0.9293332287855461,-72.2873384022227,
load_decomposition,RC,branch2_stroke_utilization_abs_peak,0.2581790214508697,0.9997618944194286,-74.17594900425799,
load_decomposition,RC,branch1_pressure_min_Pa,14330015.012103425,11182317.957048526,28.148878140876132,
load_decomposition,RC,branch1_pressure_max_Pa,14364170.57694565,17019695.346408445,-15.602657482486453,
load_decomposition,RC,branch2_pressure_min_Pa,12702584.187830307,11003680.62669265,15.4394117638826,
load_decomposition,RC,branch2_pressure_max_Pa,12731151.535692953,16860789.799664993,-24.492555289753344,
load_decomposition,RC,branch1_rope_tension_p95_N,717992.2309481573,836348.3638455358,-14.151535175267895,
load_decomposition,RC,branch1_rope_tension_abs_peak_N,718091.0630732254,850845.5854806274,-15.602657482486823,
load_decomposition,RC,branch2_rope_tension_p95_N,645560.4338854696,760518.5399030717,-15.115753263852527,
load_decomposition,RC,branch2_rope_tension_abs_peak_N,645691.0461649203,855135.6076777729,-24.49255528975402,
load_decomposition,RC,soil_x_displacement_rms_m,0.0006957188327532297,0.08640864499491943,-99.19485043100244,
load_decomposition,RC,soil_x_displacement_abs_peak_m,0.0010133015986304246,0.23833334670911777,-99.57483851394613,
load_decomposition,RC,soil_rotation_rms_rad,0.01097269379830115,0.023794465471623706,-53.885520936006195,
load_decomposition,RC,soil_rotation_abs_peak_rad,0.01122563922389926,0.070062974700602,-83.9777867384743,
load_decomposition,RC,soil_force_x_total_rms_N,1875644.4043718318,3211366.7482100907,-41.59357832868969,
load_decomposition,RC,soil_force_x_total_abs_peak_N,1905844.7616169548,12607581.521226423,-84.88334373719314,
load_decomposition,RC,soil_moment_total_rms_Nm,5640741.927669148,8440718.929406008,-33.172257305976906,
load_decomposition,RC,soil_moment_total_abs_peak_Nm,5727025.630016817,33179091.205775462,-82.73905215034968,
load_decomposition,RC,support_runtime_delta_x_force_rms_N,12661.939288444515,478427.42463583016,-97.35342527697225,
load_decomposition,RC,support_runtime_delta_x_force_abs_peak_N,28737.740954058245,1711493.652641907,-98.32089701824498,
load_decomposition,RC,support_runtime_delta_pitch_moment_rms_Nm,2979591.2696621343,282017297.5973248,-98.94347215754243,
load_decomposition,RC,support_runtime_delta_pitch_moment_abs_peak_Nm,5803523.298842769,944032503.2381368,-99.38524115653476,
load_decomposition,RC,branch1_proxy_endstop_reaction_p95_N,,575878.0243323357,,RAC_denominator_zero_or_nonfinite
load_decomposition,RC,branch1_proxy_endstop_reaction_abs_peak_N,,881833.9660598005,,RAC_denominator_zero_or_nonfinite
load_decomposition,RC,branch2_proxy_endstop_reaction_p95_N,,930299.9482425514,,RAC_denominator_zero_or_nonfinite
load_decomposition,RC,branch2_proxy_endstop_reaction_abs_peak_N,,999002.7056897056,,RAC_denominator_zero_or_nonfinite
load_decomposition,RAC,soil_energy_total_J,9754911.229495715,9754911.229495715,0.0,
load_decomposition,RAC,soil_energy_source_interval_contribution_J,7857376.310705911,7857376.310705911,0.0,
load_decomposition,RAC,soil_energy_proxy_interval_contribution_J,810745.807542214,810745.807542214,0.0,
load_decomposition,RAC,soil_energy_transition_interval_contribution_J,1086789.111247614,1086789.111247614,0.0,
load_decomposition,RAC,source_frame_fraction,0.9715047492084653,0.9715047492084653,0.0,
load_decomposition,RAC,proxy_frame_fraction,0.028495250791534744,0.028495250791534744,0.0,
load_decomposition,RAC,roll_phi_rms_deg,0.1607811867737967,0.1607811867737967,0.0,
load_decomposition,RAC,roll_phi_abs_peak_deg,0.629523989060107,0.629523989060107,0.0,
load_decomposition,RAC,roll_p_rms_deg_s,0.12070771044567308,0.12070771044567308,0.0,
load_decomposition,RAC,roll_p_abs_peak_deg_s,0.8024914273104661,0.8024914273104661,0.0,
load_decomposition,RAC,buffer_relative_pitch_rms_rad,0.02274643210347487,0.02274643210347487,0.0,
load_decomposition,RAC,buffer_relative_pitch_abs_peak_rad,0.04491263224289723,0.04491263224289723,0.0,
load_decomposition,RAC,branch1_stroke_utilization_p95,0.9105575581547505,0.9105575581547505,0.0,
load_decomposition,RAC,branch1_stroke_utilization_abs_peak,0.9905607470215019,0.9905607470215019,0.0,
load_decomposition,RAC,branch2_stroke_utilization_p95,0.9293332287855461,0.9293332287855461,0.0,
load_decomposition,RAC,branch2_stroke_utilization_abs_peak,0.9997618944194286,0.9997618944194286,0.0,
load_decomposition,RAC,branch1_pressure_min_Pa,11182317.957048526,11182317.957048526,0.0,
load_decomposition,RAC,branch1_pressure_max_Pa,17019695.346408445,17019695.346408445,0.0,
load_decomposition,RAC,branch2_pressure_min_Pa,11003680.62669265,11003680.62669265,0.0,
load_decomposition,RAC,branch2_pressure_max_Pa,16860789.799664993,16860789.799664993,0.0,
load_decomposition,RAC,branch1_rope_tension_p95_N,836348.3638455358,836348.3638455358,0.0,
load_decomposition,RAC,branch1_rope_tension_abs_peak_N,850845.5854806274,850845.5854806274,0.0,
load_decomposition,RAC,branch2_rope_tension_p95_N,760518.5399030717,760518.5399030717,0.0,
load_decomposition,RAC,branch2_rope_tension_abs_peak_N,855135.6076777729,855135.6076777729,0.0,
load_decomposition,RAC,soil_x_displacement_rms_m,0.08640864499491943,0.08640864499491943,0.0,
load_decomposition,RAC,soil_x_displacement_abs_peak_m,0.23833334670911777,0.23833334670911777,0.0,
load_decomposition,RAC,soil_rotation_rms_rad,0.023794465471623706,0.023794465471623706,0.0,
load_decomposition,RAC,soil_rotation_abs_peak_rad,0.070062974700602,0.070062974700602,0.0,
load_decomposition,RAC,soil_force_x_total_rms_N,3211366.7482100907,3211366.7482100907,0.0,
load_decomposition,RAC,soil_force_x_total_abs_peak_N,12607581.521226423,12607581.521226423,0.0,
load_decomposition,RAC,soil_moment_total_rms_Nm,8440718.929406008,8440718.929406008,0.0,
load_decomposition,RAC,soil_moment_total_abs_peak_Nm,33179091.205775462,33179091.205775462,0.0,
load_decomposition,RAC,support_runtime_delta_x_force_rms_N,478427.42463583016,478427.42463583016,0.0,
load_decomposition,RAC,support_runtime_delta_x_force_abs_peak_N,1711493.652641907,1711493.652641907,0.0,
load_decomposition,RAC,support_runtime_delta_pitch_moment_rms_Nm,282017297.5973248,282017297.5973248,0.0,
load_decomposition,RAC,support_runtime_delta_pitch_moment_abs_peak_Nm,944032503.2381368,944032503.2381368,0.0,
load_decomposition,RAC,branch1_proxy_endstop_reaction_p95_N,575878.0243323357,575878.0243323357,0.0,
load_decomposition,RAC,branch1_proxy_endstop_reaction_abs_peak_N,881833.9660598005,881833.9660598005,0.0,
load_decomposition,RAC,branch2_proxy_endstop_reaction_p95_N,930299.9482425514,930299.9482425514,0.0,
load_decomposition,RAC,branch2_proxy_endstop_reaction_abs_peak_N,999002.7056897056,999002.7056897056,0.0,
buffer_pressure,B_P85_N9,soil_energy_total_J,19262895.370300245,9754911.229495715,97.46868953615325,
buffer_pressure,B_P85_N9,soil_energy_source_interval_contribution_J,12906577.855855193,7857376.310705911,64.2606557900198,
buffer_pressure,B_P85_N9,soil_energy_proxy_interval_contribution_J,2834134.1248225826,810745.807542214,249.57123409793448,
buffer_pressure,B_P85_N9,soil_energy_transition_interval_contribution_J,3522183.389622453,1086789.111247614,224.09078754746182,
buffer_pressure,B_P85_N9,source_frame_fraction,0.9333444425929012,0.9715047492084653,-3.927958833619217,
buffer_pressure,B_P85_N9,proxy_frame_fraction,0.06665555740709882,0.028495250791534744,133.91812865497076,
buffer_pressure,B_P85_N9,roll_phi_rms_deg,0.19337345237221515,0.1607811867737967,20.271193572089093,
buffer_pressure,B_P85_N9,roll_phi_abs_peak_deg,0.7383960289040603,0.629523989060107,17.29434330318399,
buffer_pressure,B_P85_N9,roll_p_rms_deg_s,0.16217267131821964,0.12070771044567308,34.351542846311126,
buffer_pressure,B_P85_N9,roll_p_abs_peak_deg_s,0.6853550372095341,0.8024914273104661,-14.596590831320439,
buffer_pressure,B_P85_N9,buffer_relative_pitch_rms_rad,0.026240814410365604,0.02274643210347487,15.362331512012872,
buffer_pressure,B_P85_N9,buffer_relative_pitch_abs_peak_rad,0.044577569898295366,0.04491263224289723,-0.7460314122534064,
buffer_pressure,B_P85_N9,branch1_stroke_utilization_p95,0.938805681748744,0.9105575581547505,3.1022886297532364,
buffer_pressure,B_P85_N9,branch1_stroke_utilization_abs_peak,0.9882907716865326,0.9905607470215019,-0.22916063873869977,
buffer_pressure,B_P85_N9,branch2_stroke_utilization_p95,0.9544825889271715,0.9293332287855461,2.7061724861049683,
buffer_pressure,B_P85_N9,branch2_stroke_utilization_abs_peak,0.9999917017195692,0.9997618944194286,0.022986203157302886,
buffer_pressure,B_P85_N9,branch1_pressure_min_Pa,7043664.229770923,11182317.957048526,-37.01069620068257,
buffer_pressure,B_P85_N9,branch1_pressure_max_Pa,10722857.871894171,17019695.346408445,-36.99735715800021,
buffer_pressure,B_P85_N9,branch2_pressure_min_Pa,6927950.394233672,11003680.62669265,-37.039699449038,
buffer_pressure,B_P85_N9,branch2_pressure_max_Pa,10615430.094378507,16860789.799664993,-37.040730472842824,
buffer_pressure,B_P85_N9,branch1_rope_tension_p95_N,529365.627024832,836348.3638455358,-36.70512792171853,
buffer_pressure,B_P85_N9,branch1_rope_tension_abs_peak_N,536055.2053572799,850845.5854806274,-36.997357158000426,
buffer_pressure,B_P85_N9,branch2_rope_tension_p95_N,504037.7403374992,760518.5399030717,-33.7244637847042,
buffer_pressure,B_P85_N9,branch2_rope_tension_abs_peak_N,538387.1320605397,855135.6076777729,-37.040730472843144,
buffer_pressure,B_P85_N9,soil_x_displacement_rms_m,0.10035266923227086,0.08640864499491943,16.137302278228407,
buffer_pressure,B_P85_N9,soil_x_displacement_abs_peak_m,0.290597330848807,0.23833334670911777,21.92894316357528,
buffer_pressure,B_P85_N9,soil_rotation_rms_rad,0.028781229832413307,0.023794465471623706,20.957664994561906,
buffer_pressure,B_P85_N9,soil_rotation_abs_peak_rad,0.07326538389553199,0.070062974700602,4.570758248011523,
buffer_pressure,B_P85_N9,soil_force_x_total_rms_N,3134333.5556960925,3211366.7482100907,-2.3987665861251717,
buffer_pressure,B_P85_N9,soil_force_x_total_abs_peak_N,12908027.81777762,12607581.521226423,2.383060510418745,
buffer_pressure,B_P85_N9,soil_moment_total_rms_Nm,8096883.66741476,8440718.929406008,-4.0735305234887615,
buffer_pressure,B_P85_N9,soil_moment_total_abs_peak_Nm,33937395.70389191,33179091.205775462,2.285489055180785,
buffer_pressure,B_P85_N9,support_runtime_delta_x_force_rms_N,528905.9647739222,478427.42463583016,10.550929469922291,
buffer_pressure,B_P85_N9,support_runtime_delta_x_force_abs_peak_N,1975412.4657717384,1711493.652641907,15.420379311511862,
buffer_pressure,B_P85_N9,support_runtime_delta_pitch_moment_rms_Nm,277117910.3623425,282017297.5973248,-1.7372647978415305,
buffer_pressure,B_P85_N9,support_runtime_delta_pitch_moment_abs_peak_Nm,902385237.3257678,944032503.2381368,-4.411634744515072,
buffer_pressure,B_P85_N9,branch1_proxy_endstop_reaction_p95_N,1209467.0994598689,575878.0243323357,110.02140181718288,
buffer_pressure,B_P85_N9,branch1_proxy_endstop_reaction_abs_peak_N,1728008.292246656,881833.9660598005,95.95619569608111,
buffer_pressure,B_P85_N9,branch2_proxy_endstop_reaction_p95_N,629001.7035824072,930299.9482425514,-32.38721502987643,
buffer_pressure,B_P85_N9,branch2_proxy_endstop_reaction_abs_peak_N,908971.0726305319,999002.7056897056,-9.012151072905894,
buffer_pressure,RAC,soil_energy_total_J,9754911.229495715,9754911.229495715,0.0,
buffer_pressure,RAC,soil_energy_source_interval_contribution_J,7857376.310705911,7857376.310705911,0.0,
buffer_pressure,RAC,soil_energy_proxy_interval_contribution_J,810745.807542214,810745.807542214,0.0,
buffer_pressure,RAC,soil_energy_transition_interval_contribution_J,1086789.111247614,1086789.111247614,0.0,
buffer_pressure,RAC,source_frame_fraction,0.9715047492084653,0.9715047492084653,0.0,
buffer_pressure,RAC,proxy_frame_fraction,0.028495250791534744,0.028495250791534744,0.0,
buffer_pressure,RAC,roll_phi_rms_deg,0.1607811867737967,0.1607811867737967,0.0,
buffer_pressure,RAC,roll_phi_abs_peak_deg,0.629523989060107,0.629523989060107,0.0,
buffer_pressure,RAC,roll_p_rms_deg_s,0.12070771044567308,0.12070771044567308,0.0,
buffer_pressure,RAC,roll_p_abs_peak_deg_s,0.8024914273104661,0.8024914273104661,0.0,
buffer_pressure,RAC,buffer_relative_pitch_rms_rad,0.02274643210347487,0.02274643210347487,0.0,
buffer_pressure,RAC,buffer_relative_pitch_abs_peak_rad,0.04491263224289723,0.04491263224289723,0.0,
buffer_pressure,RAC,branch1_stroke_utilization_p95,0.9105575581547505,0.9105575581547505,0.0,
buffer_pressure,RAC,branch1_stroke_utilization_abs_peak,0.9905607470215019,0.9905607470215019,0.0,
buffer_pressure,RAC,branch2_stroke_utilization_p95,0.9293332287855461,0.9293332287855461,0.0,
buffer_pressure,RAC,branch2_stroke_utilization_abs_peak,0.9997618944194286,0.9997618944194286,0.0,
buffer_pressure,RAC,branch1_pressure_min_Pa,11182317.957048526,11182317.957048526,0.0,
buffer_pressure,RAC,branch1_pressure_max_Pa,17019695.346408445,17019695.346408445,0.0,
buffer_pressure,RAC,branch2_pressure_min_Pa,11003680.62669265,11003680.62669265,0.0,
buffer_pressure,RAC,branch2_pressure_max_Pa,16860789.799664993,16860789.799664993,0.0,
buffer_pressure,RAC,branch1_rope_tension_p95_N,836348.3638455358,836348.3638455358,0.0,
buffer_pressure,RAC,branch1_rope_tension_abs_peak_N,850845.5854806274,850845.5854806274,0.0,
buffer_pressure,RAC,branch2_rope_tension_p95_N,760518.5399030717,760518.5399030717,0.0,
buffer_pressure,RAC,branch2_rope_tension_abs_peak_N,855135.6076777729,855135.6076777729,0.0,
buffer_pressure,RAC,soil_x_displacement_rms_m,0.08640864499491943,0.08640864499491943,0.0,
buffer_pressure,RAC,soil_x_displacement_abs_peak_m,0.23833334670911777,0.23833334670911777,0.0,
buffer_pressure,RAC,soil_rotation_rms_rad,0.023794465471623706,0.023794465471623706,0.0,
buffer_pressure,RAC,soil_rotation_abs_peak_rad,0.070062974700602,0.070062974700602,0.0,
buffer_pressure,RAC,soil_force_x_total_rms_N,3211366.7482100907,3211366.7482100907,0.0,
buffer_pressure,RAC,soil_force_x_total_abs_peak_N,12607581.521226423,12607581.521226423,0.0,
buffer_pressure,RAC,soil_moment_total_rms_Nm,8440718.929406008,8440718.929406008,0.0,
buffer_pressure,RAC,soil_moment_total_abs_peak_Nm,33179091.205775462,33179091.205775462,0.0,
buffer_pressure,RAC,support_runtime_delta_x_force_rms_N,478427.42463583016,478427.42463583016,0.0,
buffer_pressure,RAC,support_runtime_delta_x_force_abs_peak_N,1711493.652641907,1711493.652641907,0.0,
buffer_pressure,RAC,support_runtime_delta_pitch_moment_rms_Nm,282017297.5973248,282017297.5973248,0.0,
buffer_pressure,RAC,support_runtime_delta_pitch_moment_abs_peak_Nm,944032503.2381368,944032503.2381368,0.0,
buffer_pressure,RAC,branch1_proxy_endstop_reaction_p95_N,575878.0243323357,575878.0243323357,0.0,
buffer_pressure,RAC,branch1_proxy_endstop_reaction_abs_peak_N,881833.9660598005,881833.9660598005,0.0,
buffer_pressure,RAC,branch2_proxy_endstop_reaction_p95_N,930299.9482425514,930299.9482425514,0.0,
buffer_pressure,RAC,branch2_proxy_endstop_reaction_abs_peak_N,999002.7056897056,999002.7056897056,0.0,
buffer_pressure,B_P185_N9,soil_energy_total_J,5172051.012758992,9754911.229495715,-46.98002994511757,
buffer_pressure,B_P185_N9,soil_energy_source_interval_contribution_J,5085456.8958541555,7857376.310705911,-35.27792618351411,
buffer_pressure,B_P185_N9,soil_energy_proxy_interval_contribution_J,42735.28040097165,810745.807542214,-94.72889282887269,
buffer_pressure,B_P185_N9,soil_energy_transition_interval_contribution_J,43858.836503860184,1086789.111247614,-95.96436548269139,
buffer_pressure,B_P185_N9,source_frame_fraction,0.9966672221296451,0.9715047492084653,2.5900514579759846,
buffer_pressure,B_P185_N9,proxy_frame_fraction,0.0033327778703549408,0.028495250791534744,-88.30409356725146,
buffer_pressure,B_P185_N9,roll_phi_rms_deg,0.15738942529657615,0.1607811867737967,-2.109551213844712,
buffer_pressure,B_P185_N9,roll_phi_abs_peak_deg,0.6093058692527806,0.629523989060107,-3.2116520035261,
buffer_pressure,B_P185_N9,roll_p_rms_deg_s,0.1173577056634864,0.12070771044567308,-2.775303060440714,
buffer_pressure,B_P185_N9,roll_p_abs_peak_deg_s,0.7665838425380898,0.8024914273104661,-4.474513191090386,
buffer_pressure,B_P185_N9,buffer_relative_pitch_rms_rad,0.018319126821409532,0.02274643210347487,-19.463735068098874,
buffer_pressure,B_P185_N9,buffer_relative_pitch_abs_peak_rad,0.04489929722031777,0.04491263224289723,-0.029691028811991368,
buffer_pressure,B_P185_N9,branch1_stroke_utilization_p95,0.7712415541715973,0.9105575581547505,-15.300076610805114,
buffer_pressure,B_P185_N9,branch1_stroke_utilization_abs_peak,0.9770853269318858,0.9905607470215019,-1.3603830083248394,
buffer_pressure,B_P185_N9,branch2_stroke_utilization_p95,0.7879106536343912,0.9293332287855461,-15.217638923334977,
buffer_pressure,B_P185_N9,branch2_stroke_utilization_abs_peak,0.9999912570500893,0.9997618944194286,0.022941725618962367,
buffer_pressure,B_P185_N9,branch1_pressure_min_Pa,16315008.510787968,11182317.957048526,45.900059124183315,
buffer_pressure,B_P185_N9,branch1_pressure_max_Pa,23311428.940453615,17019695.346408445,36.96736907439928,
buffer_pressure,B_P185_N9,branch2_pressure_min_Pa,15078481.503543232,11003680.62669265,37.03125358769462,
buffer_pressure,B_P185_N9,branch2_pressure_max_Pa,21302934.691826615,16860789.799664993,26.346007185558317,
buffer_pressure,B_P185_N9,branch1_rope_tension_p95_N,1108255.5656052963,836348.3638455358,32.511237364000955,
buffer_pressure,B_P185_N9,branch1_rope_tension_abs_peak_N,1165380.813318476,850845.5854806274,36.96736907439831,
buffer_pressure,B_P185_N9,branch2_rope_tension_p95_N,990742.2853717253,760518.5399030717,30.271943863195723,
buffer_pressure,B_P185_N9,branch2_rope_tension_abs_peak_N,1080429.6963228288,855135.6076777729,26.346007185558555,
buffer_pressure,B_P185_N9,soil_x_displacement_rms_m,0.06756269857157848,0.08640864499491943,-21.810255703522525,
buffer_pressure,B_P185_N9,soil_x_displacement_abs_peak_m,0.19517417437508566,0.23833334670911777,-18.10874262035485,
buffer_pressure,B_P185_N9,soil_rotation_rms_rad,0.019613867832990062,0.023794465471623706,-17.569621993060743,
buffer_pressure,B_P185_N9,soil_rotation_abs_peak_rad,0.05337329111008606,0.070062974700602,-23.820974861309352,
buffer_pressure,B_P185_N9,soil_force_x_total_rms_N,3232238.2028256645,3211366.7482100907,0.6499243547068214,
buffer_pressure,B_P185_N9,soil_force_x_total_abs_peak_N,9707185.145017982,12607581.521226423,-23.005176459301612,
buffer_pressure,B_P185_N9,soil_moment_total_rms_Nm,8821090.837642815,8440718.929406008,4.506392303997437,
buffer_pressure,B_P185_N9,soil_moment_total_abs_peak_Nm,25260701.603264645,33179091.205775462,-23.865601240857583,
buffer_pressure,B_P185_N9,support_runtime_delta_x_force_rms_N,467252.9187984289,478427.42463583016,-2.3356741821201155,
buffer_pressure,B_P185_N9,support_runtime_delta_x_force_abs_peak_N,1702382.1880767331,1711493.652641907,-0.5323691707012327,
buffer_pressure,B_P185_N9,support_runtime_delta_pitch_moment_rms_Nm,284407535.07442474,282017297.5973248,0.847549954369405,
buffer_pressure,B_P185_N9,support_runtime_delta_pitch_moment_abs_peak_Nm,927564321.8784282,944032503.2381368,-1.7444506733847458,
buffer_pressure,B_P185_N9,branch1_proxy_endstop_reaction_p95_N,107599.37393065136,575878.0243323357,-81.31559646586611,
buffer_pressure,B_P185_N9,branch1_proxy_endstop_reaction_abs_peak_N,146650.90435789153,881833.9660598005,-83.3697827479752,
buffer_pressure,B_P185_N9,branch2_proxy_endstop_reaction_p95_N,489875.2979374746,930299.9482425514,-47.34222023091498,
buffer_pressure,B_P185_N9,branch2_proxy_endstop_reaction_abs_peak_N,529989.0847939595,999002.7056897056,-46.948183245604106,
soil_3x3,S_L35_M200,soil_energy_total_J,28497899.984273758,9754911.229495715,192.1389986420919,
soil_3x3,S_L35_M200,soil_energy_source_interval_contribution_J,24346839.316508204,7857376.310705911,209.85965739396883,
soil_3x3,S_L35_M200,soil_energy_proxy_interval_contribution_J,1596060.4658692472,810745.807542214,96.86324012056556,
soil_3x3,S_L35_M200,soil_energy_transition_interval_contribution_J,2555000.2018962204,1086789.111247614,135.09622754345844,
soil_3x3,S_L35_M200,source_frame_fraction,0.9635060823196134,0.9715047492084653,-0.823327615780447,
soil_3x3,S_L35_M200,proxy_frame_fraction,0.0364939176803866,0.028495250791534744,28.07017543859649,
soil_3x3,S_L35_M200,roll_phi_rms_deg,0.18307202403742054,0.1607811867737967,13.86408305032904,
soil_3x3,S_L35_M200,roll_phi_abs_peak_deg,0.5801998450666163,0.629523989060107,-7.835149231903417,
soil_3x3,S_L35_M200,roll_p_rms_deg_s,0.14963565477219307,0.12070771044567308,23.96528292990827,
soil_3x3,S_L35_M200,roll_p_abs_peak_deg_s,0.6871486232580883,0.8024914273104661,-14.37308862462828,
soil_3x3,S_L35_M200,buffer_relative_pitch_rms_rad,0.02330245947838812,0.02274643210347487,2.44445973937295,
soil_3x3,S_L35_M200,buffer_relative_pitch_abs_peak_rad,0.044894451379314845,0.04491263224289723,-0.04048051221772017,
soil_3x3,S_L35_M200,branch1_stroke_utilization_p95,0.9044611542694028,0.9105575581547505,-0.6695242745227556,
soil_3x3,S_L35_M200,branch1_stroke_utilization_abs_peak,0.990158891658723,0.9905607470215019,-0.04056847235136823,
soil_3x3,S_L35_M200,branch2_stroke_utilization_p95,0.9188283617142381,0.9293332287855461,-1.1303660243630604,
soil_3x3,S_L35_M200,branch2_stroke_utilization_abs_peak,0.999752346673727,0.9997618944194286,-0.0009550019614575008,
soil_3x3,S_L35_M200,branch1_pressure_min_Pa,11183145.892974453,11182317.957048526,0.007403974105432604,
soil_3x3,S_L35_M200,branch1_pressure_max_Pa,17019656.01717309,17019695.346408445,-0.00023108072474752292,
soil_3x3,S_L35_M200,branch2_pressure_min_Pa,11003699.95890246,11003680.62669265,0.0001756885760738639,
soil_3x3,S_L35_M200,branch2_pressure_max_Pa,16859094.716403533,16860789.799664993,-0.010053403675631763,
soil_3x3,S_L35_M200,branch1_rope_tension_p95_N,828040.9829114014,836348.3638455358,-0.9932919454683884,
soil_3x3,S_L35_M200,branch1_rope_tension_abs_peak_N,850843.6193404743,850845.5854806274,-0.0002310807256534925,
soil_3x3,S_L35_M200,branch2_rope_tension_p95_N,808756.7613760771,760518.5399030717,6.342806774855658,
soil_3x3,S_L35_M200,branch2_rope_tension_abs_peak_N,855049.6374431604,855135.6076777729,-0.01005340367546283,
soil_3x3,S_L35_M200,soil_x_displacement_rms_m,0.15692152688583538,0.08640864499491943,81.60396670386615,
soil_3x3,S_L35_M200,soil_x_displacement_abs_peak_m,0.3842129367319881,0.23833334670911777,61.20821615487746,
soil_3x3,S_L35_M200,soil_rotation_rms_rad,0.030461252356465192,0.023794465471623706,28.018225048139954,
soil_3x3,S_L35_M200,soil_rotation_abs_peak_rad,0.0720861256543842,0.070062974700602,2.8876178358507865,
soil_3x3,S_L35_M200,soil_force_x_total_rms_N,3728553.3995560897,3211366.7482100907,16.104876580485914,
soil_3x3,S_L35_M200,soil_force_x_total_abs_peak_N,12195580.043376215,12607581.521226423,-3.2678866851390382,
soil_3x3,S_L35_M200,soil_moment_total_rms_Nm,8535212.583513385,8440718.929406008,1.1194976979766185,
soil_3x3,S_L35_M200,soil_moment_total_abs_peak_Nm,28740544.088325486,33179091.205775462,-13.37754277210993,
soil_3x3,S_L35_M200,support_runtime_delta_x_force_rms_N,572514.4368265615,478427.42463583016,19.66589023661186,
soil_3x3,S_L35_M200,support_runtime_delta_x_force_abs_peak_N,1901078.7161618886,1711493.652641907,11.077170121392674,
soil_3x3,S_L35_M200,support_runtime_delta_pitch_moment_rms_Nm,276706938.7341173,282017297.5973248,-1.8829904791123115,
soil_3x3,S_L35_M200,support_runtime_delta_pitch_moment_abs_peak_Nm,890637179.5940186,944032503.2381368,-5.656089537274011,
soil_3x3,S_L35_M200,branch1_proxy_endstop_reaction_p95_N,1484156.0752085357,575878.0243323357,157.7205610388144,
soil_3x3,S_L35_M200,branch1_proxy_endstop_reaction_abs_peak_N,2915274.6524937917,881833.9660598005,230.59223898119794,
soil_3x3,S_L35_M200,branch2_proxy_endstop_reaction_p95_N,999002.7056897056,930299.9482425514,7.385011423137443,
soil_3x3,S_L35_M200,branch2_proxy_endstop_reaction_abs_peak_N,2685057.2641650504,999002.7056897056,168.77377297104545,
soil_3x3,S_L35_M325,soil_energy_total_J,11572780.837836295,9754911.229495715,18.635429534652523,
soil_3x3,S_L35_M325,soil_energy_source_interval_contribution_J,10123531.731465321,7857376.310705911,28.841121147165943,
soil_3x3,S_L35_M325,soil_energy_proxy_interval_contribution_J,586905.2172195968,810745.807542214,-27.60921959019347,
soil_3x3,S_L35_M325,soil_energy_transition_interval_contribution_J,862343.8891513979,1086789.111247614,-20.652141227156495,
soil_3x3,S_L35_M325,source_frame_fraction,0.9805032494584236,0.9715047492084653,0.9262435677529972,
soil_3x3,S_L35_M325,proxy_frame_fraction,0.019496750541576405,0.028495250791534744,-31.578947368421044,
soil_3x3,S_L35_M325,roll_phi_rms_deg,0.17093413368942487,0.1607811867737967,6.314760526001309,
soil_3x3,S_L35_M325,roll_phi_abs_peak_deg,0.5972306891609551,0.629523989060107,-5.129796554276901,
soil_3x3,S_L35_M325,roll_p_rms_deg_s,0.13935954550832397,0.12070771044567308,15.452065981357107,
soil_3x3,S_L35_M325,roll_p_abs_peak_deg_s,0.746309181106514,0.8024914273104661,-7.000977741562392,
soil_3x3,S_L35_M325,buffer_relative_pitch_rms_rad,0.022296352925614667,0.02274643210347487,-1.9786803302283533,
soil_3x3,S_L35_M325,buffer_relative_pitch_abs_peak_rad,0.04486824188009517,0.04491263224289723,-0.09883714355015266,
soil_3x3,S_L35_M325,branch1_stroke_utilization_p95,0.8900213000995312,0.9105575581547505,-2.255349798736077,
soil_3x3,S_L35_M325,branch1_stroke_utilization_abs_peak,0.989579578777187,0.9905607470215019,-0.09905179942422297,
soil_3x3,S_L35_M325,branch2_stroke_utilization_p95,0.9077942390646894,0.9293332287855461,-2.317682081485879,
soil_3x3,S_L35_M325,branch2_stroke_utilization_abs_peak,0.9999485906460848,0.9997618944194286,0.01867406906566896,
soil_3x3,S_L35_M325,branch1_pressure_min_Pa,11184339.626632439,11182317.957048526,0.018079163834172896,
soil_3x3,S_L35_M325,branch1_pressure_max_Pa,17020464.418941326,17019695.346408445,0.004518720912612244,
soil_3x3,S_L35_M325,branch2_pressure_min_Pa,11003302.617157655,11003680.62669265,-0.0034353008581422297,
soil_3x3,S_L35_M325,branch2_pressure_max_Pa,16856651.58945417,16860789.799664993,-0.024543394823086782,
soil_3x3,S_L35_M325,branch1_rope_tension_p95_N,830652.0396268353,836348.3638455358,-0.6810946807510669,
soil_3x3,S_L35_M325,branch1_rope_tension_abs_peak_N,850884.0328180266,850845.5854806274,0.004518720911917132,
soil_3x3,S_L35_M325,branch2_rope_tension_p95_N,780814.7380123202,760518.5399030717,2.6687315357013244,
soil_3x3,S_L35_M325,branch2_rope_tension_abs_peak_N,854925.7283693041,855135.6076777729,-0.024543394823510152,
soil_3x3,S_L35_M325,soil_x_displacement_rms_m,0.09606269037189544,0.08640864499491943,11.172545730283856,
soil_3x3,S_L35_M325,soil_x_displacement_abs_peak_m,0.24979481279186203,0.23833334670911777,4.8090064781126936,
soil_3x3,S_L35_M325,soil_rotation_rms_rad,0.02636125073527844,0.023794465471623706,10.787320550300981,
soil_3x3,S_L35_M325,soil_rotation_abs_peak_rad,0.07282952326949169,0.070062974700602,3.9486598745084716,
soil_3x3,S_L35_M325,soil_force_x_total_rms_N,3205920.796817978,3211366.7482100907,-0.1695836015972999,
soil_3x3,S_L35_M325,soil_force_x_total_abs_peak_N,11477384.110578857,12607581.521226423,-8.964426751829748,
soil_3x3,S_L35_M325,soil_moment_total_rms_Nm,7376345.133783229,8440718.929406008,-12.60998979500057,
soil_3x3,S_L35_M325,soil_moment_total_abs_peak_Nm,26659728.511252902,33179091.205775462,-19.64900923322378,
soil_3x3,S_L35_M325,support_runtime_delta_x_force_rms_N,483837.28675472544,478427.42463583016,1.1307591998960274,
soil_3x3,S_L35_M325,support_runtime_delta_x_force_abs_peak_N,1667469.8645974935,1711493.652641907,-2.57224372269551,
soil_3x3,S_L35_M325,support_runtime_delta_pitch_moment_rms_Nm,280184665.5379242,282017297.5973248,-0.6498296647099006,
soil_3x3,S_L35_M325,support_runtime_delta_pitch_moment_abs_peak_Nm,958118145.0819217,944032503.2381368,1.4920717025599866,
soil_3x3,S_L35_M325,branch1_proxy_endstop_reaction_p95_N,569846.1335158963,575878.0243323357,-1.047425072945385,
soil_3x3,S_L35_M325,branch1_proxy_endstop_reaction_abs_peak_N,1072573.9574291196,881833.9660598005,21.629921131477982,
soil_3x3,S_L35_M325,branch2_proxy_endstop_reaction_p95_N,924103.981531258,930299.9482425514,-0.6660181722033165,
soil_3x3,S_L35_M325,branch2_proxy_endstop_reaction_abs_peak_N,999002.7056897056,999002.7056897056,0.0,
soil_3x3,S_L35_M450,soil_energy_total_J,7098439.562036793,9754911.229495715,-27.232145992539703,
soil_3x3,S_L35_M450,soil_energy_source_interval_contribution_J,6308846.518428673,7857376.310705911,-19.707975423899704,
soil_3x3,S_L35_M450,soil_energy_proxy_interval_contribution_J,377146.5551029479,810745.807542214,-53.48152878566559,
soil_3x3,S_L35_M450,soil_energy_transition_interval_contribution_J,412446.48850517534,1086789.111247614,-62.04907794561041,
soil_3x3,S_L35_M450,source_frame_fraction,0.9836693884352607,0.9715047492084653,1.2521440823327528,
soil_3x3,S_L35_M450,proxy_frame_fraction,0.01633061156473921,0.028495250791534744,-42.69005847953217,
soil_3x3,S_L35_M450,roll_phi_rms_deg,0.16723483768695763,0.1607811867737967,4.013934119195527,
soil_3x3,S_L35_M450,roll_phi_abs_peak_deg,0.6368251655147866,0.629523989060107,1.1597932059079215,
soil_3x3,S_L35_M450,roll_p_rms_deg_s,0.13237206228836407,0.12070771044567308,9.663303031450312,
soil_3x3,S_L35_M450,roll_p_abs_peak_deg_s,0.7342016870076313,0.8024914273104661,-8.509715864717265,
soil_3x3,S_L35_M450,buffer_relative_pitch_rms_rad,0.021268510148782102,0.02274643210347487,-6.497379228397731,
soil_3x3,S_L35_M450,buffer_relative_pitch_abs_peak_rad,0.044667414599707765,0.04491263224289723,-0.5459881350602562,
soil_3x3,S_L35_M450,branch1_stroke_utilization_p95,0.8769594196829843,0.9105575581547505,-3.6898423576707193,
soil_3x3,S_L35_M450,branch1_stroke_utilization_abs_peak,0.9792077880942287,0.9905607470215019,-1.1461143560766127,
soil_3x3,S_L35_M450,branch2_stroke_utilization_p95,0.894850042410293,0.9293332287855461,-3.710529797833209,
soil_3x3,S_L35_M450,branch2_stroke_utilization_abs_peak,0.9998413755981552,0.9997618944194286,0.007950010814598703,
soil_3x3,S_L35_M450,branch1_pressure_min_Pa,11479406.295841722,11182317.957048526,2.6567688375014655,
soil_3x3,S_L35_M450,branch1_pressure_max_Pa,17020022.752470892,17019695.346408445,0.001923689324530859,
soil_3x3,S_L35_M450,branch2_pressure_min_Pa,11003519.696008582,11003680.62669265,-0.0014625168571213074,
soil_3x3,S_L35_M450,branch2_pressure_max_Pa,16282926.805577042,16860789.799664993,-3.4272593452261226,
soil_3x3,S_L35_M450,branch1_rope_tension_p95_N,829687.4351608676,836348.3638455358,-0.7964299295141981,
soil_3x3,S_L35_M450,branch1_rope_tension_abs_peak_N,850861.9531063214,850845.5854806274,0.0019236893242829329,
soil_3x3,S_L35_M450,branch2_rope_tension_p95_N,747894.7032398043,760518.5399030717,-1.6598986087671668,
soil_3x3,S_L35_M450,branch2_rope_tension_abs_peak_N,825827.892649279,855135.6076777729,-3.427259345226267,
soil_3x3,S_L35_M450,soil_x_displacement_rms_m,0.07062278320110303,0.08640864499491943,-18.268845431778917,
soil_3x3,S_L35_M450,soil_x_displacement_abs_peak_m,0.1929015923528901,0.23833334670911777,-19.06227348524436,
soil_3x3,S_L35_M450,soil_rotation_rms_rad,0.02267252859120924,0.023794465471623706,-4.7151169743755865,
soil_3x3,S_L35_M450,soil_rotation_abs_peak_rad,0.06396898025162566,0.070062974700602,-8.697881406003125,
soil_3x3,S_L35_M450,soil_force_x_total_rms_N,3093760.326453986,3211366.7482100907,-3.6621921747696518,
soil_3x3,S_L35_M450,soil_force_x_total_abs_peak_N,11345210.439359976,12607581.521226423,-10.012793331862174,
soil_3x3,S_L35_M450,soil_moment_total_rms_Nm,7250129.72191049,8440718.929406008,-14.105305690818714,
soil_3x3,S_L35_M450,soil_moment_total_abs_peak_Nm,26079905.33308007,33179091.205775462,-21.396565170114254,
soil_3x3,S_L35_M450,support_runtime_delta_x_force_rms_N,471090.4036641674,478427.42463583016,-1.5335703168035513,
soil_3x3,S_L35_M450,support_runtime_delta_x_force_abs_peak_N,1690290.989212204,1711493.652641907,-1.2388397349282658,
soil_3x3,S_L35_M450,support_runtime_delta_pitch_moment_rms_Nm,283417404.01066875,282017297.5973248,0.4964611835062302,
soil_3x3,S_L35_M450,support_runtime_delta_pitch_moment_abs_peak_Nm,921779984.5204754,944032503.2381368,-2.3571771778336825,
soil_3x3,S_L35_M450,branch1_proxy_endstop_reaction_p95_N,382349.8467629266,575878.0243323357,-33.60575840583303,
soil_3x3,S_L35_M450,branch1_proxy_endstop_reaction_abs_peak_N,782324.6532233602,881833.9660598005,-11.28435926335051,
soil_3x3,S_L35_M450,branch2_proxy_endstop_reaction_p95_N,731507.5326621324,930299.9482425514,-21.368636637673884,
soil_3x3,S_L35_M450,branch2_proxy_endstop_reaction_abs_peak_N,999002.7056897056,999002.7056897056,0.0,
soil_3x3,S_L40_M200,soil_energy_total_J,23088460.06862249,9754911.229495715,136.68549641754203,
soil_3x3,S_L40_M200,soil_energy_source_interval_contribution_J,18584645.3149646,7857376.310705911,136.52482177342662,
soil_3x3,S_L40_M200,soil_energy_proxy_interval_contribution_J,1863389.0065178678,810745.807542214,129.83640361542598,
soil_3x3,S_L40_M200,soil_energy_transition_interval_contribution_J,2640425.7471399605,1086789.111247614,142.95658834019787,
soil_3x3,S_L40_M200,source_frame_fraction,0.9548408598566905,0.9715047492084653,-1.7152658662092684,
soil_3x3,S_L40_M200,proxy_frame_fraction,0.04515914014330945,0.028495250791534744,58.47953216374269,
soil_3x3,S_L40_M200,roll_phi_rms_deg,0.19594032097174566,0.1607811867737967,21.867691676772097,
soil_3x3,S_L40_M200,roll_phi_abs_peak_deg,0.5764667128740202,0.629523989060107,-8.428157958730448,
soil_3x3,S_L40_M200,roll_p_rms_deg_s,0.1689829402706407,0.12070771044567308,39.993493080704944,
soil_3x3,S_L40_M200,roll_p_abs_peak_deg_s,0.7853606124547823,0.8024914273104661,-2.1347037828301016,
soil_3x3,S_L40_M200,buffer_relative_pitch_rms_rad,0.02500312148215054,0.02274643210347487,9.921069679894657,
soil_3x3,S_L40_M200,buffer_relative_pitch_abs_peak_rad,0.04487763706002903,0.04491263224289723,-0.07791835196597066,
soil_3x3,S_L40_M200,branch1_stroke_utilization_p95,0.9231016221616162,0.9105575581547505,1.3776244999038068,
soil_3x3,S_L40_M200,branch1_stroke_utilization_abs_peak,0.9897872418434321,0.9905607470215019,-0.07808760647901415,
soil_3x3,S_L40_M200,branch2_stroke_utilization_p95,0.9417506626002252,0.9293332287855461,1.3361659122967333,
soil_3x3,S_L40_M200,branch2_stroke_utilization_abs_peak,0.9997998238738717,0.9997618944194286,0.0037938487808696557,
soil_3x3,S_L40_M200,branch1_pressure_min_Pa,11183911.690451996,11182317.957048526,0.01425226334640031,
soil_3x3,S_L40_M200,branch1_pressure_max_Pa,17019851.587546214,17019695.346408445,0.0009180019653057056,
soil_3x3,S_L40_M200,branch2_pressure_min_Pa,11003603.82796934,11003680.62669265,-0.0006979366806042549,
soil_3x3,S_L40_M200,branch2_pressure_max_Pa,16857527.296048377,16860789.799664993,-0.019349648832470187,
soil_3x3,S_L40_M200,branch1_rope_tension_p95_N,837181.6185276537,836348.3638455358,0.09963009651703576,
soil_3x3,S_L40_M200,branch1_rope_tension_abs_peak_N,850853.3962598142,850845.5854806274,0.000918001964171724,
soil_3x3,S_L40_M200,branch2_rope_tension_p95_N,797948.1617112212,760518.5399030717,4.921592287930275,
soil_3x3,S_L40_M200,branch2_rope_tension_abs_peak_N,854970.1419406413,855135.6076777729,-0.019349648832994275,
soil_3x3,S_L40_M200,soil_x_displacement_rms_m,0.13963746302714822,0.08640864499491943,61.60126459031788,
soil_3x3,S_L40_M200,soil_x_displacement_abs_peak_m,0.3487957635837664,0.23833334670911777,46.34786461898944,
soil_3x3,S_L40_M200,soil_rotation_rms_rad,0.029757384012290927,0.023794465471623706,25.06010714036989,
soil_3x3,S_L40_M200,soil_rotation_abs_peak_rad,0.07285464841877323,0.070062974700602,3.984520683143721,
soil_3x3,S_L40_M200,soil_force_x_total_rms_N,3663026.278870042,3211366.7482100907,14.064402046626762,
soil_3x3,S_L40_M200,soil_force_x_total_abs_peak_N,12383941.668664278,12607581.521226423,-1.773852123705241,
soil_3x3,S_L40_M200,soil_moment_total_rms_Nm,9453786.694365883,8440718.929406008,12.002150212945988,
soil_3x3,S_L40_M200,soil_moment_total_abs_peak_Nm,32737387.9376517,33179091.205775462,-1.331269941615742,
soil_3x3,S_L40_M200,support_runtime_delta_x_force_rms_N,540799.8110173005,478427.42463583016,13.036958830055987,
soil_3x3,S_L40_M200,support_runtime_delta_x_force_abs_peak_N,1956908.8074665596,1711493.652641907,14.33923838664684,
soil_3x3,S_L40_M200,support_runtime_delta_pitch_moment_rms_Nm,275507976.6399297,282017297.5973248,-2.308128264773793,
soil_3x3,S_L40_M200,support_runtime_delta_pitch_moment_abs_peak_Nm,861416270.6735555,944032503.2381368,-8.7514182277833,
soil_3x3,S_L40_M200,branch1_proxy_endstop_reaction_p95_N,1092183.5695259208,575878.0243323357,89.65536509092911,
soil_3x3,S_L40_M200,branch1_proxy_endstop_reaction_abs_peak_N,1535418.087828243,881833.9660598005,74.11646034556583,
soil_3x3,S_L40_M200,branch2_proxy_endstop_reaction_p95_N,999002.7056897056,930299.9482425514,7.385011423137443,
soil_3x3,S_L40_M200,branch2_proxy_endstop_reaction_abs_peak_N,1785152.6260789267,999002.7056897056,78.69347259139484,
soil_3x3,RAC,soil_energy_total_J,9754911.229495715,9754911.229495715,0.0,
soil_3x3,RAC,soil_energy_source_interval_contribution_J,7857376.310705911,7857376.310705911,0.0,
soil_3x3,RAC,soil_energy_proxy_interval_contribution_J,810745.807542214,810745.807542214,0.0,
soil_3x3,RAC,soil_energy_transition_interval_contribution_J,1086789.111247614,1086789.111247614,0.0,
soil_3x3,RAC,source_frame_fraction,0.9715047492084653,0.9715047492084653,0.0,
soil_3x3,RAC,proxy_frame_fraction,0.028495250791534744,0.028495250791534744,0.0,
soil_3x3,RAC,roll_phi_rms_deg,0.1607811867737967,0.1607811867737967,0.0,
soil_3x3,RAC,roll_phi_abs_peak_deg,0.629523989060107,0.629523989060107,0.0,
soil_3x3,RAC,roll_p_rms_deg_s,0.12070771044567308,0.12070771044567308,0.0,
soil_3x3,RAC,roll_p_abs_peak_deg_s,0.8024914273104661,0.8024914273104661,0.0,
soil_3x3,RAC,buffer_relative_pitch_rms_rad,0.02274643210347487,0.02274643210347487,0.0,
soil_3x3,RAC,buffer_relative_pitch_abs_peak_rad,0.04491263224289723,0.04491263224289723,0.0,
soil_3x3,RAC,branch1_stroke_utilization_p95,0.9105575581547505,0.9105575581547505,0.0,
soil_3x3,RAC,branch1_stroke_utilization_abs_peak,0.9905607470215019,0.9905607470215019,0.0,
soil_3x3,RAC,branch2_stroke_utilization_p95,0.9293332287855461,0.9293332287855461,0.0,
soil_3x3,RAC,branch2_stroke_utilization_abs_peak,0.9997618944194286,0.9997618944194286,0.0,
soil_3x3,RAC,branch1_pressure_min_Pa,11182317.957048526,11182317.957048526,0.0,
soil_3x3,RAC,branch1_pressure_max_Pa,17019695.346408445,17019695.346408445,0.0,
soil_3x3,RAC,branch2_pressure_min_Pa,11003680.62669265,11003680.62669265,0.0,
soil_3x3,RAC,branch2_pressure_max_Pa,16860789.799664993,16860789.799664993,0.0,
soil_3x3,RAC,branch1_rope_tension_p95_N,836348.3638455358,836348.3638455358,0.0,
soil_3x3,RAC,branch1_rope_tension_abs_peak_N,850845.5854806274,850845.5854806274,0.0,
soil_3x3,RAC,branch2_rope_tension_p95_N,760518.5399030717,760518.5399030717,0.0,
soil_3x3,RAC,branch2_rope_tension_abs_peak_N,855135.6076777729,855135.6076777729,0.0,
soil_3x3,RAC,soil_x_displacement_rms_m,0.08640864499491943,0.08640864499491943,0.0,
soil_3x3,RAC,soil_x_displacement_abs_peak_m,0.23833334670911777,0.23833334670911777,0.0,
soil_3x3,RAC,soil_rotation_rms_rad,0.023794465471623706,0.023794465471623706,0.0,
soil_3x3,RAC,soil_rotation_abs_peak_rad,0.070062974700602,0.070062974700602,0.0,
soil_3x3,RAC,soil_force_x_total_rms_N,3211366.7482100907,3211366.7482100907,0.0,
soil_3x3,RAC,soil_force_x_total_abs_peak_N,12607581.521226423,12607581.521226423,0.0,
soil_3x3,RAC,soil_moment_total_rms_Nm,8440718.929406008,8440718.929406008,0.0,
soil_3x3,RAC,soil_moment_total_abs_peak_Nm,33179091.205775462,33179091.205775462,0.0,
soil_3x3,RAC,support_runtime_delta_x_force_rms_N,478427.42463583016,478427.42463583016,0.0,
soil_3x3,RAC,support_runtime_delta_x_force_abs_peak_N,1711493.652641907,1711493.652641907,0.0,
soil_3x3,RAC,support_runtime_delta_pitch_moment_rms_Nm,282017297.5973248,282017297.5973248,0.0,
soil_3x3,RAC,support_runtime_delta_pitch_moment_abs_peak_Nm,944032503.2381368,944032503.2381368,0.0,
soil_3x3,RAC,branch1_proxy_endstop_reaction_p95_N,575878.0243323357,575878.0243323357,0.0,
soil_3x3,RAC,branch1_proxy_endstop_reaction_abs_peak_N,881833.9660598005,881833.9660598005,0.0,
soil_3x3,RAC,branch2_proxy_endstop_reaction_p95_N,930299.9482425514,930299.9482425514,0.0,
soil_3x3,RAC,branch2_proxy_endstop_reaction_abs_peak_N,999002.7056897056,999002.7056897056,0.0,
soil_3x3,S_L40_M450,soil_energy_total_J,6871170.2085080305,9754911.229495715,-29.561940166796997,
soil_3x3,S_L40_M450,soil_energy_source_interval_contribution_J,5541669.34896616,7857376.310705911,-29.471758385614432,
soil_3x3,S_L40_M450,soil_energy_proxy_interval_contribution_J,607008.12565012,810745.807542214,-25.129662095907396,
soil_3x3,S_L40_M450,soil_energy_transition_interval_contribution_J,722492.7338917548,1086789.111247614,-33.52042945458422,
soil_3x3,S_L40_M450,source_frame_fraction,0.9796700549908348,0.9715047492084653,0.8404802744425292,
soil_3x3,S_L40_M450,proxy_frame_fraction,0.02032994500916514,0.028495250791534744,-28.654970760233915,
soil_3x3,S_L40_M450,roll_phi_rms_deg,0.1635348315955818,0.1607811867737967,1.7126660631378414,
soil_3x3,S_L40_M450,roll_phi_abs_peak_deg,0.6831875618853923,0.629523989060107,8.52446828998625,
soil_3x3,S_L40_M450,roll_p_rms_deg_s,0.12498406075857171,0.12070771044567308,3.542731692208919,
soil_3x3,S_L40_M450,roll_p_abs_peak_deg_s,0.8316550232610861,0.8024914273104661,3.634131774885275,
soil_3x3,S_L40_M450,buffer_relative_pitch_rms_rad,0.022315552074152638,0.02274643210347487,-1.8942752312192734,
soil_3x3,S_L40_M450,buffer_relative_pitch_abs_peak_rad,0.04466016845565927,0.04491263224289723,-0.5621220013838978,
soil_3x3,S_L40_M450,branch1_stroke_utilization_p95,0.9129537089411479,0.9105575581547505,0.26315203964187006,
soil_3x3,S_L40_M450,branch1_stroke_utilization_abs_peak,0.9790496022101465,0.9905607470215019,-1.1620836830015766,
soil_3x3,S_L40_M450,branch2_stroke_utilization_p95,0.9317931038185128,0.9293332287855461,0.26469246517540296,
soil_3x3,S_L40_M450,branch2_stroke_utilization_abs_peak,0.999678831378854,0.9997618944194286,-0.00830828230584134,
soil_3x3,S_L40_M450,branch1_pressure_min_Pa,11760186.199971858,11182317.957048526,5.167696403759347,
soil_3x3,S_L40_M450,branch1_pressure_max_Pa,17019353.196775656,17019695.346408445,-0.002010315847759262,
soil_3x3,S_L40_M450,branch2_pressure_min_Pa,11003848.814115878,11003680.62669265,0.0015284651466470865,
soil_3x3,S_L40_M450,branch2_pressure_max_Pa,15787652.123519229,16860789.799664993,-6.364693996523735,
soil_3x3,S_L40_M450,branch1_rope_tension_p95_N,837037.446040383,836348.3638455358,0.08239176695208278,
soil_3x3,S_L40_M450,branch1_rope_tension_abs_peak_N,850828.4807969816,850845.5854806274,-0.002010315847863977,
soil_3x3,S_L40_M450,branch2_rope_tension_p95_N,728878.6649655964,760518.5399030717,-4.160302908790077,
soil_3x3,S_L40_M450,branch2_rope_tension_abs_peak_N,800708.8429937712,855135.6076777729,-6.364693996523467,
soil_3x3,S_L40_M450,soil_x_displacement_rms_m,0.06619584935790668,0.08640864499491943,-23.39209883247354,
soil_3x3,S_L40_M450,soil_x_displacement_abs_peak_m,0.17961271196754328,0.23833334670911777,-24.63802718015878,
soil_3x3,S_L40_M450,soil_rotation_rms_rad,0.020037170915973887,0.023794465471623706,-15.790623916854166,
soil_3x3,S_L40_M450,soil_rotation_abs_peak_rad,0.05728367756749253,0.070062974700602,-18.239729597150063,
soil_3x3,S_L40_M450,soil_force_x_total_rms_N,3180919.829489539,3211366.7482100907,-0.9480984611154073,
soil_3x3,S_L40_M450,soil_force_x_total_abs_peak_N,13165342.681008074,12607581.521226423,4.42401390657353,
soil_3x3,S_L40_M450,soil_moment_total_rms_Nm,8506087.851659028,8440718.929406008,0.7744473284767968,
soil_3x3,S_L40_M450,soil_moment_total_abs_peak_Nm,34032237.518560566,33179091.205775462,2.5713371939391676,
soil_3x3,S_L40_M450,support_runtime_delta_x_force_rms_N,472321.84607853735,478427.42463583016,-1.2761765406613688,
soil_3x3,S_L40_M450,support_runtime_delta_x_force_abs_peak_N,1705763.4800940044,1711493.652641907,-0.33480536366918057,
soil_3x3,S_L40_M450,support_runtime_delta_pitch_moment_rms_Nm,284305441.2318112,282017297.5973248,0.8113486846305211,
soil_3x3,S_L40_M450,support_runtime_delta_pitch_moment_abs_peak_Nm,948018835.5533202,944032503.2381368,0.42226642636877826,
soil_3x3,S_L40_M450,branch1_proxy_endstop_reaction_p95_N,483213.8078456744,575878.0243323357,-16.090945056306808,
soil_3x3,S_L40_M450,branch1_proxy_endstop_reaction_abs_peak_N,845639.797420318,881833.9660598005,-4.10441988316744,
soil_3x3,S_L40_M450,branch2_proxy_endstop_reaction_p95_N,835115.1350303068,930299.9482425514,-10.231626196697121,
soil_3x3,S_L40_M450,branch2_proxy_endstop_reaction_abs_peak_N,999002.7056897056,999002.7056897056,0.0,
soil_3x3,S_L45_M200,soil_energy_total_J,21303454.53816521,9754911.229495715,118.38696464761682,
soil_3x3,S_L45_M200,soil_energy_source_interval_contribution_J,16364898.288462674,7857376.310705911,108.27433536771058,
soil_3x3,S_L45_M200,soil_energy_proxy_interval_contribution_J,2215140.7512234463,810745.807542214,173.22259709719287,
soil_3x3,S_L45_M200,soil_energy_transition_interval_contribution_J,2723415.4984790147,1086789.111247614,150.59282157810577,
soil_3x3,S_L45_M200,source_frame_fraction,0.9470088318613564,0.9715047492084653,-2.5214408233276218,
soil_3x3,S_L45_M200,proxy_frame_fraction,0.05299116813864356,0.028495250791534744,85.96491228070175,
soil_3x3,S_L45_M200,roll_phi_rms_deg,0.20621710077941147,0.1607811867737967,28.259471718876295,
soil_3x3,S_L45_M200,roll_phi_abs_peak_deg,0.6086816968346551,0.629523989060107,-3.3108019055111564,
soil_3x3,S_L45_M200,roll_p_rms_deg_s,0.18087840824814613,0.12070771044567308,49.84826369443407,
soil_3x3,S_L45_M200,roll_p_abs_peak_deg_s,0.7267094021528296,0.8024914273104661,-9.443343888621762,
soil_3x3,S_L45_M200,buffer_relative_pitch_rms_rad,0.02606171161672194,0.02274643210347487,14.57494299838174,
soil_3x3,S_L45_M200,buffer_relative_pitch_abs_peak_rad,0.04488546196226192,0.04491263224289723,-0.06049585445887655,
soil_3x3,S_L45_M200,branch1_stroke_utilization_p95,0.9362561268906759,0.9105575581547505,2.8222893221603416,
soil_3x3,S_L45_M200,branch1_stroke_utilization_abs_peak,0.9899601969502241,0.9905607470215019,-0.060627283393126265,
soil_3x3,S_L45_M200,branch2_stroke_utilization_p95,0.9550548577530202,0.9293332287855461,2.7677509176215676,
soil_3x3,S_L45_M200,branch2_stroke_utilization_abs_peak,0.9998772868130192,0.9997618944194286,0.01154198757071112,
soil_3x3,S_L45_M200,branch1_pressure_min_Pa,11183555.299206292,11182317.957048526,0.011065167012053094,
soil_3x3,S_L45_M200,branch1_pressure_max_Pa,17020170.684621293,17019695.346408445,0.002792871453765576,
soil_3x3,S_L45_M200,branch2_pressure_min_Pa,11003446.985572143,11003680.62669265,-0.0021232997251987504,
soil_3x3,S_L45_M200,branch2_pressure_max_Pa,16858256.698208977,16860789.799664993,-0.015023622772799365,
soil_3x3,S_L45_M200,branch1_rope_tension_p95_N,841237.6664186756,836348.3638455358,0.5846012002293793,
soil_3x3,S_L45_M200,branch1_rope_tension_abs_peak_N,850869.3485040995,850845.5854806274,0.002792871453723878,
soil_3x3,S_L45_M200,branch2_rope_tension_p95_N,797303.9675034327,760518.5399030717,4.836887685216622,
soil_3x3,S_L45_M200,branch2_rope_tension_abs_peak_N,855007.1353298784,855135.6076777729,-0.015023622772922915,
soil_3x3,S_L45_M200,soil_x_displacement_rms_m,0.12962870789042866,0.08640864499491943,50.01821623062187,
soil_3x3,S_L45_M200,soil_x_displacement_abs_peak_m,0.36188343234288156,0.23833334670911777,51.83919386008321,
soil_3x3,S_L45_M200,soil_rotation_rms_rad,0.029006035214731843,0.023794465471623706,21.902445126675524,
soil_3x3,S_L45_M200,soil_rotation_abs_peak_rad,0.0706765246829936,0.070062974700602,0.8757121504096397,
soil_3x3,S_L45_M200,soil_force_x_total_rms_N,3597748.578716199,3211366.7482100907,12.031694315869238,
soil_3x3,S_L45_M200,soil_force_x_total_abs_peak_N,13399216.616073055,12607581.521226423,6.279040064217048,
soil_3x3,S_L45_M200,soil_moment_total_rms_Nm,10334385.750584044,8440718.929406008,22.43489964558383,
soil_3x3,S_L45_M200,soil_moment_total_abs_peak_Nm,39587282.379126154,33179091.205775462,19.313944235564904,
soil_3x3,S_L45_M200,support_runtime_delta_x_force_rms_N,537612.8270225489,478427.42463583016,12.370821432690553,
soil_3x3,S_L45_M200,support_runtime_delta_x_force_abs_peak_N,1942724.3429077764,1711493.652641907,13.510461456221904,
soil_3x3,S_L45_M200,support_runtime_delta_pitch_moment_rms_Nm,275677590.2287381,282017297.5973248,-2.247985291185486,
soil_3x3,S_L45_M200,support_runtime_delta_pitch_moment_abs_peak_Nm,867935223.2248787,944032503.2381368,-8.060874996595556,
soil_3x3,S_L45_M200,branch1_proxy_endstop_reaction_p95_N,840031.3777360597,575878.0243323357,45.86967070153084,
soil_3x3,S_L45_M200,branch1_proxy_endstop_reaction_abs_peak_N,2014675.0519116528,881833.9660598005,128.46421542522327,
soil_3x3,S_L45_M200,branch2_proxy_endstop_reaction_p95_N,999002.7056897057,930299.9482425514,7.385011423137455,
soil_3x3,S_L45_M200,branch2_proxy_endstop_reaction_abs_peak_N,999002.7056897056,999002.7056897056,0.0,
soil_3x3,S_L45_M325,soil_energy_total_J,8934123.706437327,9754911.229495715,-8.414095256721463,
soil_3x3,S_L45_M325,soil_energy_source_interval_contribution_J,6714915.153291327,7857376.310705911,-14.5399827148147,
soil_3x3,S_L45_M325,soil_energy_proxy_interval_contribution_J,1101284.6005847156,810745.807542214,35.835990804969256,
soil_3x3,S_L45_M325,soil_energy_transition_interval_contribution_J,1117923.9525612993,1086789.111247614,2.8648466378121014,
soil_3x3,S_L45_M325,source_frame_fraction,0.9641726378936843,0.9715047492084653,-0.7547169811320841,
soil_3x3,S_L45_M325,proxy_frame_fraction,0.03582736210631562,0.028495250791534744,25.730994152046797,
soil_3x3,S_L45_M325,roll_phi_rms_deg,0.15980783490167927,0.1607811867737967,-0.6053891575553894,
soil_3x3,S_L45_M325,roll_phi_abs_peak_deg,0.6805850223927117,0.629523989060107,8.111054418885598,
soil_3x3,S_L45_M325,roll_p_rms_deg_s,0.12013916789495077,0.12070771044567308,-0.4710076503175746,
soil_3x3,S_L45_M325,roll_p_abs_peak_deg_s,0.8369483940949621,0.8024914273104661,4.293748893988549,
soil_3x3,S_L45_M325,buffer_relative_pitch_rms_rad,0.023133032490893716,0.02274643210347487,1.69960891299425,
soil_3x3,S_L45_M325,buffer_relative_pitch_abs_peak_rad,0.04467194788910956,0.04491263224289723,-0.535894561881828,
soil_3x3,S_L45_M325,branch1_stroke_utilization_p95,0.9307505889033818,0.9105575581547505,2.2176556075765936,
soil_3x3,S_L45_M325,branch1_stroke_utilization_abs_peak,0.9793067512726523,0.9905607470215019,-1.136123734227202,
soil_3x3,S_L45_M325,branch2_stroke_utilization_p95,0.9500658118229047,0.9293332287855461,2.230909473069413,
soil_3x3,S_L45_M325,branch2_stroke_utilization_abs_peak,0.9999430655915074,0.9997618944194286,0.01812143202196439,
soil_3x3,S_L45_M325,branch1_pressure_min_Pa,11592870.157941975,11182317.957048526,3.671440952317638,
soil_3x3,S_L45_M325,branch1_pressure_max_Pa,17020441.658319637,17019695.346408445,0.004384989836785067,
soil_3x3,S_L45_M325,branch2_pressure_min_Pa,11003313.803584246,11003680.62669265,-0.0033336400868909074,
soil_3x3,S_L45_M325,branch2_pressure_max_Pa,16077233.470098458,16860789.799664993,-4.647210118129241,
soil_3x3,S_L45_M325,branch1_rope_tension_p95_N,840712.9058785427,836348.3638455358,0.5218569464210712,
soil_3x3,S_L45_M325,branch1_rope_tension_abs_peak_N,850882.8949730741,850845.5854806274,0.004384989836391941,
soil_3x3,S_L45_M325,branch2_rope_tension_p95_N,740311.4997688024,760518.5399030717,-2.6570082218961644,
soil_3x3,S_L45_M325,branch2_rope_tension_abs_peak_N,815395.6591940438,855135.6076777729,-4.647210118129428,
soil_3x3,S_L45_M325,soil_x_displacement_rms_m,0.07984358072969812,0.08640864499491943,-7.597693802058021,
soil_3x3,S_L45_M325,soil_x_displacement_abs_peak_m,0.22587781232852241,0.23833334670911777,-5.226098048208564,
soil_3x3,S_L45_M325,soil_rotation_rms_rad,0.021215754039511182,0.023794465471623706,-10.837442157243617,
soil_3x3,S_L45_M325,soil_rotation_abs_peak_rad,0.06130911102910535,0.070062974700602,-12.494279195115917,
soil_3x3,S_L45_M325,soil_force_x_total_rms_N,3159441.3302578484,3211366.7482100907,-1.61692581456739,
soil_3x3,S_L45_M325,soil_force_x_total_abs_peak_N,12907194.922855586,12607581.521226423,2.3764542083247826,
soil_3x3,S_L45_M325,soil_moment_total_rms_Nm,9326738.779205408,8440718.929406008,10.496971374235196,
soil_3x3,S_L45_M325,soil_moment_total_abs_peak_Nm,37827922.59347553,33179091.205775462,14.011328275594382,
soil_3x3,S_L45_M325,support_runtime_delta_x_force_rms_N,478956.24580187624,478427.42463583016,0.11053320499940168,
soil_3x3,S_L45_M325,support_runtime_delta_x_force_abs_peak_N,1783834.889295349,1711493.652641907,4.226789654859306,
soil_3x3,S_L45_M325,support_runtime_delta_pitch_moment_rms_Nm,282962546.3580986,282017297.5973248,0.33517403677965185,
soil_3x3,S_L45_M325,support_runtime_delta_pitch_moment_abs_peak_Nm,939583777.6039162,944032503.2381368,-0.47124708301472407,
soil_3x3,S_L45_M325,branch1_proxy_endstop_reaction_p95_N,537520.4281574619,575878.0243323357,-6.660715386621148,
soil_3x3,S_L45_M325,branch1_proxy_endstop_reaction_abs_peak_N,920810.5242349978,881833.9660598005,4.419942945649044,
soil_3x3,S_L45_M325,branch2_proxy_endstop_reaction_p95_N,890898.9716239057,930299.9482425514,-4.235298163036438,
soil_3x3,S_L45_M325,branch2_proxy_endstop_reaction_abs_peak_N,999002.7056897056,999002.7056897056,0.0,
soil_3x3,S_L45_M450,soil_energy_total_J,6410296.42017869,9754911.229495715,-34.28647099528682,
soil_3x3,S_L45_M450,soil_energy_source_interval_contribution_J,4763486.985580501,7857376.310705911,-39.375603290247064,
soil_3x3,S_L45_M450,soil_energy_proxy_interval_contribution_J,838352.9053380571,810745.807542214,3.4051483879434774,
soil_3x3,S_L45_M450,soil_energy_transition_interval_contribution_J,808456.5292601262,1086789.111247614,-25.610542018402,
soil_3x3,S_L45_M450,source_frame_fraction,0.972337943676054,0.9715047492084653,0.08576329331045657,
soil_3x3,S_L45_M450,proxy_frame_fraction,0.02766205632394601,0.028495250791534744,-2.92397660818713,
soil_3x3,S_L45_M450,roll_phi_rms_deg,0.16959299521755536,0.1607811867737967,5.4806215954581745,
soil_3x3,S_L45_M450,roll_phi_abs_peak_deg,0.6732331366246459,0.629523989060107,6.94320602933617,
soil_3x3,S_L45_M450,roll_p_rms_deg_s,0.1357047621273692,0.12070771044567308,12.424269855110747,
soil_3x3,S_L45_M450,roll_p_abs_peak_deg_s,0.7505030182469701,0.8024914273104661,-6.4783756304704845,
soil_3x3,S_L45_M450,buffer_relative_pitch_rms_rad,0.022977243249973283,0.02274643210347487,1.0147136282667888,
soil_3x3,S_L45_M450,buffer_relative_pitch_abs_peak_rad,0.044667396094698414,0.04491263224289723,-0.5460293372976383,
soil_3x3,S_L45_M450,branch1_stroke_utilization_p95,0.9254815461690655,0.9105575581547505,1.638994468900855,
soil_3x3,S_L45_M450,branch1_stroke_utilization_abs_peak,0.979207384123665,0.9905607470215019,-1.1461551380846706,
soil_3x3,S_L45_M450,branch2_stroke_utilization_p95,0.9446554269906073,0.9293332287855461,1.6487302649324471,
soil_3x3,S_L45_M450,branch2_stroke_utilization_abs_peak,0.9998409604969423,0.9997618944194286,0.007908490807157397,
soil_3x3,S_L45_M450,branch1_pressure_min_Pa,12166284.970404224,11182317.957048526,8.799311709210313,
soil_3x3,S_L45_M450,branch1_pressure_max_Pa,17020021.04252129,17019695.346408445,0.001913642437282654,
soil_3x3,S_L45_M450,branch2_pressure_min_Pa,11003520.536480375,11003680.62669265,-0.001454878760183749,
soil_3x3,S_L45_M450,branch2_pressure_max_Pa,15145878.565222561,16860789.799664993,-10.171001802516422,
soil_3x3,S_L45_M450,branch1_rope_tension_p95_N,839621.8498055987,836348.3638455358,0.3914022076890819,
soil_3x3,S_L45_M450,branch1_rope_tension_abs_peak_N,850861.8676228239,850845.5854806274,0.0019136424369354417,
soil_3x3,S_L45_M450,branch2_rope_tension_p95_N,712333.46556343,760518.5399030717,-6.335818499018172,
soil_3x3,S_L45_M450,branch2_rope_tension_abs_peak_N,768159.749606905,855135.6076777729,-10.171001802516633,
soil_3x3,S_L45_M450,soil_x_displacement_rms_m,0.062263290878950196,0.08640864499491943,-27.943215771279494,
soil_3x3,S_L45_M450,soil_x_displacement_abs_peak_m,0.1634073750308856,0.23833334670911777,-31.43746886988424,
soil_3x3,S_L45_M450,soil_rotation_rms_rad,0.01756903109164088,0.023794465471623706,-26.163371425203984,
soil_3x3,S_L45_M450,soil_rotation_abs_peak_rad,0.05015069038441528,0.070062974700602,-28.420552226446677,
soil_3x3,S_L45_M450,soil_force_x_total_rms_N,3140906.6426268504,3211366.7482100907,-2.194084671970662,
soil_3x3,S_L45_M450,soil_force_x_total_abs_peak_N,14155248.429427255,12607581.521226423,12.275684322129058,
soil_3x3,S_L45_M450,soil_moment_total_rms_Nm,9419356.322495868,8440718.929406008,11.594242164378404,
soil_3x3,S_L45_M450,soil_moment_total_abs_peak_Nm,40687480.100424685,33179091.205775462,22.629881114230887,
soil_3x3,S_L45_M450,support_runtime_delta_x_force_rms_N,472821.2037511673,478427.42463583016,-1.17180173961186,
soil_3x3,S_L45_M450,support_runtime_delta_x_force_abs_peak_N,1702755.6214132612,1711493.652641907,-0.5105500224998019,
soil_3x3,S_L45_M450,support_runtime_delta_pitch_moment_rms_Nm,283862074.8711161,282017297.5973248,0.6541362141641955,
soil_3x3,S_L45_M450,support_runtime_delta_pitch_moment_abs_peak_Nm,961579020.2811775,944032503.2381368,1.8586772153346673,
soil_3x3,S_L45_M450,branch1_proxy_endstop_reaction_p95_N,442843.450824599,575878.0243323357,-23.101172103584773,
soil_3x3,S_L45_M450,branch1_proxy_endstop_reaction_abs_peak_N,926522.1879651814,881833.9660598005,5.06764579562027,
soil_3x3,S_L45_M450,branch2_proxy_endstop_reaction_p95_N,793646.6476459042,930299.9482425514,-14.689165666922987,
soil_3x3,S_L45_M450,branch2_proxy_endstop_reaction_abs_peak_N,999002.7056897056,999002.7056897056,0.0,
