time_s,surge_m,sway_m,heave_m,yaw_deg,hull_pitch_deg,bridge_relative_pitch_deg,spud_relative_pitch_deg,spud_relative_yaw_deg,spud_upper_guide_relative_x_m,spud_soil_x_displacement_m,spud_soil_y_displacement_m,spud_soil_pitch_rotation_deg,spud_soil_yaw_rotation_deg,spud_lateral_m,equivalent_displacement_m,equivalent_velocity_m_s,equivalent_net_force_N,equivalent_total_restoring_force_N,equivalent_wire_rope_force_demand_N,equivalent_end_stop_diagnostics_available,equivalent_end_stop_enabled,equivalent_end_stop_travel_m,equivalent_end_stop_engagement_ramp_m,equivalent_end_stop_engagement_factor,equivalent_end_stop_engagement_gradient_per_m,equivalent_end_stop_active,equivalent_end_stop_penetration_m,equivalent_end_stop_force_N,equivalent_end_stop_closing_rate_m_s,equivalent_end_stop_elastic_energy_J,equivalent_end_stop_damping_dissipation_W,equivalent_end_stop_force_limit_N,equivalent_end_stop_capacity_status,equivalent_tension_1_N,equivalent_tension_2_N,equivalent_common_tension_N,equivalent_minimum_tension_control_required_N,equivalent_minimum_tension_control_active,equivalent_travel_demand_m,equivalent_travel_warning_m,equivalent_travel_limit_m,equivalent_travel_capacity_status,equivalent_force_demand_N,equivalent_force_warning_N,equivalent_force_limit_N,equivalent_force_capacity_status,soil_force_x_N,soil_force_y_N,soil_pitch_moment_Nm,soil_yaw_moment_Nm
51.1,0.4844263702470377,1.7569045719512004,-0.3606306261001011,-2.2917994682661145,-1.3498336784447358,-1.869954008639051,1.5314944114368259,0.1120790775242114,-0.11404314689367977,-0.008556907009690917,0.03573246538546648,0.18166331442474723,-2.1797598639642124,0.02828040133096154,-0.013419116118042987,0.01499658378534605,6405.2437777312425,6405.2437777312425,6405.2437777312425,1.0,1.0,0.15,0.005,0.0,0.0,0.0,0.0,0.0,0.0,0.0,0.0,2000000.0,within,153202.62188886563,146797.37811113437,150000.0,0.0,0.0,0.013419116118042987,0.12,0.15,within,6405.2437777312425,500000.0,550000.0,within,59538.543191146804,2086414.5401120672,-89900.11239066056,7380528.384132139
51.2,0.49633397010579056,1.7573753918781023,-0.3613267176805315,-2.292591480754396,-1.3873584843840487,-1.8657580072676692,1.579539992998698,0.11051966087418211,-0.11571522413725453,-0.008938806430492718,0.03597165655715928,0.19218408842235762,-2.1821131934816833,0.028196941598448898,-0.011736979004457151,0.018646158486370808,3454.9078475929873,3454.9078475929873,3454.9078475929873,1.0,1.0,0.15,0.005,0.0,0.0,0.0,0.0,0.0,0.0,0.0,0.0,2000000.0,within,151727.4539237965,148272.5460762035,150000.0,0.0,0.0,0.011736979004457151,0.12,0.15,within,3454.9078475929873,500000.0,550000.0,within,58231.02612208616,2080273.426512864,-105806.667422603,7369610.862302249
51.300000000000004,0.5078587008128922,1.757900126831885,-0.362778009994243,-2.2934488466635417,-1.423573190240325,-1.8545786962887332,1.6264584792418229,0.10898313591465363,-0.11697706029301874,-0.009323354440127218,0.036207649061550384,0.2028878629866762,-2.1845089355118006,0.02811836384430839,-0.009723286900244585,0.021627683597880632,200.52924773043378,200.52924773043378,200.52924773043378,1.0,1.0,0.15,0.005,0.0,0.0,0.0,0.0,0.0,0.0,0.0,0.0,2000000.0,within,150100.26462386522,149899.73537613478,150000.0,0.0,0.0,0.009723286900244585,0.12,0.15,within,200.52924773043378,500000.0,550000.0,within,56733.6463873717,2074335.8311579165,-122365.92316907702,7359203.521025199
51.400000000000006,0.5188994490423181,1.758396894326181,-0.36496982928388716,-2.294262744040005,-1.458121667833844,-1.8384228344853988,1.6717450138207381,0.10752647037680889,-0.1178673867062196,-0.009706022113405766,0.03643619218276806,0.21362591236360734,-2.186781293316786,0.028043999453902478,-0.007452016772564102,0.02379771895572882,-3231.554392377441,-3231.554392377441,3231.554392377441,1.0,1.0,0.15,0.005,0.0,0.0,0.0,0.0,0.0,0.0,0.0,0.0,2000000.0,within,148384.22280381128,151615.77719618872,150000.0,0.0,0.0,0.007452016772564102,0.12,0.15,within,3231.554392377441,500000.0,550000.0,within,55101.278047282074,2068507.1911788918,-139271.13977682672,7348889.284231937
51.5,0.5293458907854313,1.7588565427412672,-0.3678823740481707,-2.2950194035365215,-1.490656543949369,-1.8198900312986492,1.7148781936434956,0.10614257865854108,-0.11842214405449517,-0.010079253547317535,0.036651026698725886,0.22422420616736718,-2.1889235513304994,0.027970412396790247,-0.0049955101017920694,0.025332414459711468,-6781.082298593053,-6781.082298593053,6781.082298593053,1.0,1.0,0.15,0.005,0.0,0.0,0.0,0.0,0.0,0.0,0.0,0.0,2000000.0,within,146609.45885070346,153390.54114929654,150000.0,0.0,0.0,0.0049955101017920694,0.12,0.15,within,6781.082298593053,500000.0,550000.0,within,53303.72325995838,2063038.3583970778,-156375.80653494922,7339224.292997252
51.6,0.539079239761155,1.7592859157740475,-0.371491131022723,-2.2957260331308738,-1.5208503196459333,-1.8023497728850844,1.7553411797760956,0.10484409778346127,-0.11867962407005107,-0.01043863870274464,0.03685180146056366,0.2344934048961844,-2.190930256912726,0.027900739631770765,-0.002428140784537264,0.026014971885384604,-10306.521282504023,-10306.521282504023,10306.521282504023,1.0,1.0,0.15,0.005,0.0,0.0,0.0,0.0,0.0,0.0,0.0,0.0,2000000.0,within,144846.739358748,155153.260641252,150000.0,0.0,0.0,0.002428140784537264,0.12,0.15,within,10306.521282504023,500000.0,550000.0,within,51467.56081712735,2057935.0659041519,-173161.80004074483,7330214.727544944
51.7,0.5480147376535035,1.7596731876902738,-0.3757638255780987,-2.2963655492519286,-1.5484028019925242,-1.7871729931039912,1.7926352719312781,0.10366421804890938,-0.11871923114842702,-0.010780828588629277,0.0370393771248847,0.24423500276152785,-2.1927511242333715,0.0278385556840191,0.0001358709356872878,0.025265262519106758,-13541.074879944863,-13541.074879944863,13541.074879944863,1.0,1.0,0.15,0.005,0.0,0.0,0.0,0.0,0.0,0.0,0.0,0.0,2000000.0,within,143229.46256002758,156770.53743997242,150000.0,0.0,0.0,0.0001358709356872878,0.12,0.15,within,13541.074879944863,500000.0,550000.0,within,49778.824455922295,2053078.6815459575,-188965.92774341977,7321531.698816754
51.800000000000004,0.5561024084526939,1.7600257313442673,-0.38066166804174784,-2.296946132561032,-1.5730501418268374,-1.7738822872506421,1.8263013516784032,0.10258387756064988,-0.11864446082335996,-0.011099375757645191,0.03720995006206884,0.25325372958402603,-2.194413362352074,0.02778056678544612,0.0025609770120595954,0.023236859008339987,-16336.534198602954,-16336.534198602954,16336.534198602954,1.0,1.0,0.15,0.005,0.0,0.0,0.0,0.0,0.0,0.0,0.0,0.0,2000000.0,within,141831.73290069852,158168.26709930148,150000.0,0.0,0.0,0.0025609770120595954,0.12,0.15,within,16336.534198602954,500000.0,550000.0,within,48288.592226004635,2048673.0551117205,-203432.63459689217,7313667.398282882
51.900000000000006,0.5632946922954628,1.7603499176371213,-0.3861406887682136,-2.29747482430068,-1.5945632605295081,-1.7625858991341656,1.8559414059712978,0.1016489983259098,-0.11854052190766444,-0.011388163476532043,0.037361120800085246,0.2613806532432872,-2.1958780923139516,0.02772637423104292,0.00473418207927867,0.020227242336042277,-18603.24155287259,-18603.24155287259,18603.24155287259,1.0,1.0,0.15,0.005,0.0,0.0,0.0,0.0,0.0,0.0,0.0,0.0,2000000.0,within,140698.3792235637,159301.6207764363,150000.0,0.0,0.0,0.00473418207927867,0.12,0.15,within,18603.24155287259,500000.0,550000.0,within,47018.504427843494,2044754.7003293957,-216305.05661004502,7306656.071694862
52.0,0.5695274487829214,1.7605870076439816,-0.39215435855853065,-2.297873731822592,-1.612752359160028,-1.7551224175631353,1.8812284280264022,0.10083978362981362,-0.11846008197770128,-0.01164365228328279,0.03749479871366068,0.26847856500904393,-2.197087191905643,0.027679427351305918,0.006579989180785825,0.01668889969410096,-20332.03839847377,-20332.03839847377,20332.03839847377,1.0,1.0,0.15,0.005,0.0,0.0,0.0,0.0,0.0,0.0,0.0,0.0,2000000.0,within,139833.98080076312,160166.01919923688,150000.0,0.0,0.0,0.006579989180785825,0.12,0.15,within,20332.03839847377,500000.0,550000.0,within,46045.91118116985,2041148.2310858367,-227240.07510590437,7300031.476892182
52.1,0.5747335747757906,1.7607002227455009,-0.39865387188788226,-2.298093907984968,-1.6274737848736207,-1.754458399348219,1.9019013754897192,0.1001681279549122,-0.11843123387567027,-0.011861280570514054,0.03760739462760965,0.27443007606599434,-2.1979798128195176,0.02763872683435357,0.00805208128012358,0.012752942292654598,-21488.008489310334,-21488.008489310334,21488.008489310334,1.0,1.0,0.15,0.005,0.0,0.0,0.0,0.0,0.0,0.0,0.0,0.0,2000000.0,within,139255.99575534483,160744.00424465517,150000.0,0.0,0.0,0.00805208128012358,0.12,0.15,within,21488.008489310334,500000.0,550000.0,within,45372.83087326074,2037903.8414789722,-236088.49168294878,7293831.567851305
52.2,0.5788898132296376,1.7607290550821593,-0.4055879221584899,-2.298186449298299,-1.638643114688146,-1.7614923501621393,1.917781022454155,0.09966377126748575,-0.11849769170082697,-0.012037555917622456,0.03769429130236057,0.2791403851097059,-2.1985773197661795,0.027600945499221378,0.009094231949301798,0.008090071090909806,-21931.073132276626,-21931.073132276626,21931.073132276626,1.0,1.0,0.15,0.005,0.0,0.0,0.0,0.0,0.0,0.0,0.0,0.0,2000000.0,within,139034.46343386167,160965.53656613833,150000.0,0.0,0.0,0.009094231949301798,0.12,0.15,within,21931.073132276626,500000.0,550000.0,within,45008.90418972442,2035249.8201634288,-242711.79212581925,7288596.32155836
52.300000000000004,0.5820122148420536,1.7606881219413943,-0.41290281710052573,-2.298170245156111,-1.6462339380405955,-1.7752487849256706,1.92878653446754,0.0992892361130408,-0.11871600009216449,-0.01217306740770141,0.03776000262563883,0.282555066557558,-2.198936056526008,0.027568971150952797,0.009644253239969716,0.002910354722448334,-21621.157962265985,-21621.157962265985,21621.157962265985,1.0,1.0,0.15,0.005,0.0,0.0,0.0,0.0,0.0,0.0,0.0,0.0,2000000.0,within,139189.421018867,160810.578981133,150000.0,0.0,0.0,0.009644253239969716,0.12,0.15,within,21621.157962265985,500000.0,550000.0,within,45068.20248169592,2033089.8818917833,-246786.24780858238,7284178.528067896
52.400000000000006,0.5841189706450471,1.7605639321224211,-0.4205410514578564,-2.2980276676042863,-1.6502616966038552,-1.7959167359730341,1.9349128899151673,0.09907398363425464,-0.11911869721059808,-0.012267024685037597,0.037807875360014176,0.28465365875064186,-2.199008951280562,0.027546307967800443,0.00966925641637048,-0.002410291194432543,-20590.032971738816,-20590.032971738816,20590.032971738816,1.0,1.0,0.15,0.005,0.0,0.0,0.0,0.0,0.0,0.0,0.0,0.0,2000000.0,within,139704.98351413058,160295.01648586942,150000.0,0.0,0.0,0.00966925641637048,0.12,0.15,within,20590.032971738816,500000.0,550000.0,within,45551.27685532201,2031206.6566275991,-248285.40405051364,7280031.098680042
52.5,0.5852525337167329,1.7603747307422009,-0.42844258906462807,-2.2977828483670306,-1.6507880684132012,-1.8231019078616526,1.9362361226056994,0.09900272664352752,-0.11972882265490338,-0.012317105437638531,0.037834037547335164,0.2854505168699513,-2.1988354196649036,0.02752744789456295,0.009151510040944416,-0.007944636314088387,-18799.73873224524,-18799.73873224524,18799.73873224524,1.0,1.0,0.15,0.005,0.0,0.0,0.0,0.0,0.0,0.0,0.0,0.0,2000000.0,within,140600.1306338774,159399.8693661226,150000.0,0.0,0.0,0.009151510040944416,0.12,0.15,within,18799.73873224524,500000.0,550000.0,within,46337.3754542449,2029826.9090757049,-247498.64227036247,7276712.825462492
52.6,0.5855030802037656,1.7601832985860506,-0.43654523081743263,-2.2975184146695167,-1.6479209611914971,-1.8538363491062515,1.9329336951589013,0.0990790639870111,-0.12057712618985539,-0.012327943009424303,0.03783970573561257,0.28501519616615795,-2.1984945022192233,0.027510326469347236,0.008072653576972968,-0.013632492965340633,-16238.076869552482,-16238.076869552482,16238.076869552482,1.0,1.0,0.15,0.005,0.0,0.0,0.0,0.0,0.0,0.0,0.0,0.0,2000000.0,within,141880.96156522376,158119.03843477624,150000.0,0.0,0.0,0.008072653576972968,0.12,0.15,within,16238.076869552482,500000.0,550000.0,within,47506.07442773273,2029029.6066606778,-244332.62835253635,7274498.785965556
52.7,0.5849910792873498,1.7600595882984413,-0.44478315578906064,-2.297326536204298,-1.6417969223652928,-1.8836831508789633,1.9252679325757187,0.09929479948304631,-0.12168455972794683,-0.012305993124016368,0.037835650476909066,0.2834734739665991,-2.1980865743794804,0.027501017853079082,0.006430048851870651,-0.019219601536705877,-12952.416918144376,-12952.416918144376,12952.416918144376,1.0,1.0,0.15,0.005,0.0,0.0,0.0,0.0,0.0,0.0,0.0,0.0,2000000.0,within,143523.7915409278,156476.2084590722,150000.0,0.0,0.0,0.006430048851870651,0.12,0.15,within,12952.416918144376,500000.0,550000.0,within,49120.822442398174,2028529.031641163,-238799.59690443915,7272869.806888895
52.800000000000004,0.5838139249346637,1.7600258423428168,-0.45309121139594627,-2.2972371066254507,-1.6325720971912754,-1.9099890322739215,1.9135562048655639,0.09960529533120341,-0.12302165965581043,-0.012252133708010149,0.03782594660369831,0.2809865729531618,-2.197686159767968,0.0274994853950457,0.004275316085450009,-0.023875053791706843,-9177.079215468935,-9177.079215468935,9177.079215468935,1.0,1.0,0.15,0.005,0.0,0.0,0.0,0.0,0.0,0.0,0.0,0.0,2000000.0,within,145411.46039226552,154588.53960773448,150000.0,0.0,0.0,0.004275316085450009,0.12,0.15,within,9177.079215468935,500000.0,550000.0,within,50953.4545426502,2028277.139284499,-231611.59212940768,7271809.6222775495
52.900000000000006,0.5820397818566908,1.7600488270902779,-0.461403200453868,-2.297207516194717,-1.6204076646850867,-1.9322915428731873,1.898155805938241,0.10005609993310546,-0.12451328866497216,-0.012170071653464731,0.037804534017883196,0.277750610388496,-2.197205143822126,0.027498910684089,0.0017085364066787428,-0.027460539783718527,-5071.832841088526,-5071.832841088526,5071.832841088526,1.0,1.0,0.15,0.005,0.0,0.0,0.0,0.0,0.0,0.0,0.0,0.0,2000000.0,within,147464.08357945574,152535.91642054426,150000.0,0.0,0.0,0.0017085364066787428,0.12,0.15,within,5071.832841088526,500000.0,550000.0,within,52836.83604376303,2028382.707202425,-223386.3403544342,7271454.39908845
53.0,0.5797467803020389,1.7600672563808635,-0.46964272035450494,-2.29715839841472,-1.6054459255103333,-1.9501876467454013,1.8794342899842498,0.10060543302599459,-0.12608617569166566,-0.012070596897814312,0.03777317941429148,0.2739908377786179,-2.1966059361977637,0.02749763447126114,-0.0011713589974619437,-0.030137368299094962,-735.0052045475331,-735.0052045475331,735.0052045475331,1.0,1.0,0.15,0.005,0.0,0.0,0.0,0.0,0.0,0.0,0.0,0.0,2000000.0,within,149632.49739772623,150367.50260227377,150000.0,0.0,0.0,0.0011713589974619437,0.12,0.15,within,735.0052045475331,500000.0,550000.0,within,54852.31777476851,2028710.0539571412,-214218.3773291076,7271452.53189189
53.1,0.5770272883948037,1.760085859459138,-0.4777301506142855,-2.297096721578963,-1.5878292369800238,-1.9625107423204202,1.8577622289901108,0.10123411303754506,-0.12766810836473227,-0.01196014814593127,0.03773967374824627,0.2699354688793431,-2.1959146957497366,0.02749995261877697,-0.004266286950691603,-0.03176119076549827,3675.06418699628,3675.06418699628,3675.06418699628,1.0,1.0,0.15,0.005,0.0,0.0,0.0,0.0,0.0,0.0,0.0,0.0,2000000.0,within,151837.53209349813,148162.46790650187,150000.0,0.0,0.0,0.004266286950691603,0.12,0.15,within,3675.06418699628,500000.0,550000.0,within,56894.32786101691,2028976.186361771,-204626.46523627243,7271199.5213052835
53.2,0.5739900147322413,1.7601849469525999,-0.48558306382557065,-2.2971282631127585,-1.5676968020373185,-1.967031780700897,1.8335089103598174,0.10195500587241675,-0.12919109376636143,-0.0118422585359923,0.03770549830847614,0.26581458878051856,-2.1952243596450263,0.027503803055766825,-0.007482473410856352,-0.03256253843779698,8080.699848873488,8080.699848873488,8080.699848873488,1.0,1.0,0.15,0.005,0.0,0.0,0.0,0.0,0.0,0.0,0.0,0.0,2000000.0,within,154040.34992443674,145959.65007556326,150000.0,0.0,0.0,0.007482473410856352,0.12,0.15,within,8080.699848873488,500000.0,550000.0,within,58732.6508163964,2029271.8279830148,-195412.12041024934,7271014.020869024
53.300000000000004,0.5707229560071957,1.760353053608252,-0.4931135410657808,-2.297238689869983,-1.545164568646455,-1.9631224490396946,1.8070378269579404,0.10271818864312567,-0.1305726556579124,-0.01172712697570688,0.037670734357913016,0.2618757399009144,-2.1945705112123504,0.027505103688950875,-0.010712065550138442,-0.032029304347844983,12237.114654735446,12237.114654735446,12237.114654735446,1.0,1.0,0.15,0.005,0.0,0.0,0.0,0.0,0.0,0.0,0.0,0.0,2000000.0,within,156118.55732736771,143881.44267263229,150000.0,0.0,0.0,0.010712065550138442,0.12,0.15,within,12237.114654735446,500000.0,550000.0,within,60387.283636123524,2029652.0440732962,-186835.3935893115,7271063.776371199
53.400000000000006,0.5672880770982105,1.7605129108534974,-0.5002350933479721,-2.2973276251455705,-1.5203433125633112,-1.9515577970521072,1.778698763553953,0.10355397950958656,-0.1317154323755321,-0.011622954348034398,0.037638238463185925,0.25835793266056933,-2.1938224889228035,0.027505589727451357,-0.013833282121082174,-0.030395027071029406,16030.265073018063,16030.265073018063,16030.265073018063,1.0,1.0,0.15,0.005,0.0,0.0,0.0,0.0,0.0,0.0,0.0,0.0,2000000.0,within,158015.13253650905,141984.86746349095,150000.0,0.0,0.0,0.013833282121082174,0.12,0.15,within,16030.265073018063,500000.0,550000.0,within,61808.644485622586,2029782.6320733172,-179302.37398445164,7270435.819194726
53.5,0.5637398140030061,1.7606654301424616,-0.506863877044999,-2.2973969194131665,-1.493344751989442,-1.9333438060303096,1.748814197088432,0.10442657182492192,-0.1325191755762032,-0.011531587736570259,0.03760936644495816,0.2554719240021136,-2.193017949588241,0.027504382020582654,-0.016723361643170995,-0.027406563370747213,19247.477302118867,19247.477302118867,19247.477302118867,1.0,1.0,0.15,0.005,0.0,0.0,0.0,0.0,0.0,0.0,0.0,0.0,2000000.0,within,159623.73865105942,140376.26134894058,150000.0,0.0,0.0,0.016723361643170995,0.12,0.15,within,19247.477302118867,500000.0,550000.0,within,62727.730524554325,2029668.736582626,-173678.03159991186,7269188.128790664
53.6,0.5601016639196781,1.7608413977176391,-0.5129225905099859,-2.297487512456978,-1.464288276732838,-1.9111486237138862,1.7176919563100954,0.10531933847104553,-0.13286793945747935,-0.011458780874470165,0.037583033218792306,0.25340615203697725,-2.19221446945153,0.02749962435963694,-0.019244867813168795,-0.0230235600292092,21699.26477820836,21699.26477820836,21699.26477820836,1.0,1.0,0.15,0.005,0.0,0.0,0.0,0.0,0.0,0.0,0.0,0.0,2000000.0,within,160849.63238910417,139150.36761089583,150000.0,0.0,0.0,0.019244867813168795,0.12,0.15,within,21699.26477820836,500000.0,550000.0,within,63075.66415180074,2029450.358350226,-170349.5513854716,7267706.657456381
53.7,0.5564025904161992,1.7610373394030883,-0.5183388601298389,-2.2975956112935267,-1.4333054244271075,-1.8866441028125343,1.685617327751023,0.10625783785795849,-0.13268017613264285,-0.0114129868338253,0.03756053182337382,0.2523143668448194,-2.191382723970089,0.027492505168284304,-0.02129633598717237,-0.01800580345086218,23403.651452223676,23403.651452223676,23403.651452223676,1.0,1.0,0.15,0.005,0.0,0.0,0.0,0.0,0.0,0.0,0.0,0.0,2000000.0,within,161701.82572611183,138298.17427388817,150000.0,0.0,0.0,0.02129633598717237,0.12,0.15,within,23403.651452223676,500000.0,550000.0,within,62953.502380506776,2029025.2148610943,-169279.01970391744,7265725.1332007535
53.800000000000004,0.552693322361891,1.7612547020911415,-0.5230427304967284,-2.297723896438707,-1.4005370911714614,-1.8597604525850533,1.652841395770592,0.10719228648500023,-0.13191827622330152,-0.01139632664830259,0.03754471506721346,0.2523067543759887,-2.1905751696437332,0.027483613731602206,-0.022822627791703937,-0.012520032639769089,24321.202471986726,24321.202471986726,24321.202471986726,1.0,1.0,0.15,0.005,0.0,0.0,0.0,0.0,0.0,0.0,0.0,0.0,2000000.0,within,162160.60123599335,137839.39876400665,150000.0,0.0,0.0,0.022822627791703937,0.12,0.15,within,24321.202471986726,500000.0,550000.0,within,62268.94790766528,2028360.1334143183,-170809.8865007395,7263233.559052113
53.900000000000006,0.5490058582698079,1.7614826495945715,-0.526973153705609,-2.2978590818363576,-1.3661438138386546,-1.8312537145525558,1.6196017425889158,0.10813901613334943,-0.13054598856501057,-0.011408898624431174,0.03753483229773913,0.2534603608166314,-2.1897622091559006,0.0274722165327882,-0.023770905694378036,-0.006445525413713227,24358.02785830536,24358.02785830536,24358.02785830536,1.0,1.0,0.15,0.005,0.0,0.0,0.0,0.0,0.0,0.0,0.0,0.0,2000000.0,within,162179.0139291527,137820.9860708473,150000.0,0.0,0.0,0.023770905694378036,0.12,0.15,within,24358.02785830536,500000.0,550000.0,within,60899.52291441837,2027437.8913549946,-175312.67009139503,7260156.711568039
54.0,0.5453458859955503,1.7616490215062526,-0.5300804392086913,-2.297907852831887,-1.3303105011608638,-1.802996259732835,1.5861342861157939,0.10908453408757415,-0.1285260000702064,-0.011453981716513795,0.03752868028115364,0.2558261948762436,-2.1888640283464182,0.027456722246587073,-0.02408738643046933,0.00011591069188706879,23463.495208825807,23463.495208825807,23463.495208825807,1.0,1.0,0.15,0.005,0.0,0.0,0.0,0.0,0.0,0.0,0.0,0.0,2000000.0,within,161731.7476044129,138268.2523955871,150000.0,0.0,0.0,0.02408738643046933,0.12,0.15,within,23463.495208825807,500000.0,550000.0,within,58898.60883778054,2026219.5330932473,-182730.11975086154,7256308.586502343
54.1,0.5417041124079495,1.7617274052680099,-0.5323234949481409,-2.297836778006779,-1.2932415526056662,-1.7779156105991725,1.5526497699729707,0.11001930368377377,-0.12582773274330555,-0.01153223456786634,0.03752496140298511,0.2594106005104726,-2.1878567408788268,0.02743715433569921,-0.023726779324086317,0.007096231435773356,21591.429679622976,21591.429679622976,21591.429679622976,1.0,1.0,0.15,0.005,0.0,0.0,0.0,0.0,0.0,0.0,0.0,0.0,2000000.0,within,160795.7148398115,139204.2851601885,150000.0,0.0,0.0,0.023726779324086317,0.12,0.15,within,21591.429679622976,500000.0,550000.0,within,56283.339858997555,2024720.1043028098,-193031.50116265286,7251693.601734102
54.2,0.5380927852482649,1.7617720377417676,-0.533670701247185,-2.2977179400476446,-1.2551727147303207,-1.7574208987048314,1.5193458561985576,0.11095096361063327,-0.12245801618973615,-0.011640569092492115,0.037524191806937335,0.26417549384790473,-2.186804804643127,0.027414831488649843,-0.022682114567172104,0.013797063702510829,18872.30574714872,18872.30574714872,18872.30574714872,1.0,1.0,0.15,0.005,0.0,0.0,0.0,0.0,0.0,0.0,0.0,0.0,2000000.0,within,159436.15287357435,140563.84712642565,150000.0,0.0,0.0,0.022682114567172104,0.12,0.15,within,18872.30574714872,500000.0,550000.0,within,52987.084277539805,2023023.9172579371,-206319.80528978328,7246580.890675504
54.300000000000004,0.5345353711944764,1.7618067442244745,-0.5341019146654348,-2.297583806562901,-1.2163747096597426,-1.7418984114440965,1.4864323633064955,0.11184682080793533,-0.11845460952220152,-0.01177949736236883,0.03752814827840911,0.2700599703227861,-2.1857733807286723,0.027391227037864955,-0.020976503176830405,0.02031516410432306,15317.27863153523,15317.27863153523,15317.27863153523,1.0,1.0,0.15,0.005,0.0,0.0,0.0,0.0,0.0,0.0,0.0,0.0,2000000.0,within,157658.63931576762,142341.36068423238,150000.0,0.0,0.0,0.020976503176830405,0.12,0.15,within,15317.27863153523,500000.0,550000.0,within,49131.33661186154,2021163.6943781385,-222246.61739554908,7241124.376110893
54.400000000000006,0.5310294863784928,1.7618308125326052,-0.5336084723156752,-2.297434872838705,-1.1771446763827178,-1.733776519245433,1.4541178612797425,0.11273249269566117,-0.11384705649897937,-0.011947624223275,0.03753575087960037,0.27697546254868205,-2.184737366990508,0.027367278996314658,-0.018624927979645142,0.0267163398393821,10932.964224238875,10932.964224238875,10932.964224238875,1.0,1.0,0.15,0.005,0.0,0.0,0.0,0.0,0.0,0.0,0.0,0.0,2000000.0,within,155466.48211211944,144533.51788788056,150000.0,0.0,0.0,0.018624927979645142,0.12,0.15,within,10932.964224238875,500000.0,550000.0,within,44803.24451558461,2019143.3761074555,-240506.71457961597,7235301.990924226
54.5,0.5275921358914301,1.7618775428709064,-0.5321928075864335,-2.2973161872739714,-1.1378140550035807,-1.7344757063411873,1.4226160294147903,0.11359461601449088,-0.10869373293548346,-0.012139014089697753,0.03754498899539582,0.2848042098064551,-2.1837551818452487,0.027341716686037156,-0.015670847161961557,0.03236527651428943,5903.790209915076,5903.790209915076,5903.790209915076,1.0,1.0,0.15,0.005,0.0,0.0,0.0,0.0,0.0,0.0,0.0,0.0,2000000.0,within,152951.89510495754,147048.10489504246,150000.0,0.0,0.0,0.015670847161961557,0.12,0.15,within,5903.790209915076,500000.0,550000.0,within,39947.95018874493,2017143.0711345219,-261078.41156848078,7229590.968079085
54.6,0.5242798730974394,1.7620051020033276,-0.5298697000635936,-2.2973054136530857,-1.0987554247866,-1.742906381472915,1.3921866731751007,0.11442216363490304,-0.10308877687916557,-0.012352648991516446,0.037558198673041776,0.2934334386541788,-2.182915525944987,0.02731600472663567,-0.012190260928223118,0.03724644816047923,333.18205214237787,333.18205214237787,333.18205214237787,1.0,1.0,0.15,0.005,0.0,0.0,0.0,0.0,0.0,0.0,0.0,0.0,2000000.0,within,150166.5910260712,149833.4089739288,150000.0,0.0,0.0,0.012190260928223118,0.12,0.15,within,333.18205214237787,500000.0,550000.0,within,34708.15449881647,2015210.779111333,-283501.6618573365,7224208.611694049
54.7,0.5211668552708674,1.7622658747813782,-0.5266668810080105,-2.2974727452501034,-1.060373659124682,-1.7568366212166762,1.363138230063644,0.11522127925602044,-0.09713350823397086,-0.01258959209575039,0.03757964859343588,0.3027667143588645,-2.18228246522044,0.027293212746995026,-0.008262956182521153,0.041299646753559835,-5661.499930800337,-5661.499930800337,5661.499930800337,1.0,1.0,0.15,0.005,0.0,0.0,0.0,0.0,0.0,0.0,0.0,0.0,2000000.0,within,147169.25003459983,152830.74996540017,150000.0,0.0,0.0,0.008262956182521153,0.12,0.15,within,5661.499930800337,500000.0,550000.0,within,29286.787727161718,2013273.162146092,-307201.03678316204,7219068.859300293
54.800000000000004,0.5183208293108156,1.7626838795767117,-0.5226261128147701,-2.297851363850504,-1.0230951711036091,-1.7741938699034216,1.3358091097286797,0.1159631855349073,-0.09091234389859729,-0.012844429328133344,0.03760954287935725,0.3127160334428303,-2.1819179663542534,0.02727246700720381,-0.0039497243732230375,0.04496498943240214,-12088.034454842309,-12088.034454842309,12088.034454842309,1.0,1.0,0.15,0.005,0.0,0.0,0.0,0.0,0.0,0.0,0.0,0.0,2000000.0,within,143955.98277257883,156044.01722742117,150000.0,0.0,0.0,0.0039497243732230375,0.12,0.15,within,12088.034454842309,500000.0,550000.0,within,23601.919380785315,2011423.494282929,-332252.4341744683,7214457.938403019
54.900000000000006,0.5157820996045529,1.7632258798046905,-0.5178030759023698,-2.2983996749262134,-0.9873554135173689,-1.7943793218638155,1.3105665733240266,0.11665697495046128,-0.0844763207153961,-0.013113467586762795,0.03764550216893259,0.32321320573922036,-2.181771360821461,0.027252171585067646,0.0007240373227152402,0.048510244486363596,-18966.45090427313,-18966.45090427313,18966.45090427313,1.0,1.0,0.15,0.005,0.0,0.0,0.0,0.0,0.0,0.0,0.0,0.0,2000000.0,within,140516.77454786343,159483.22545213657,150000.0,0.0,0.0,0.0007240373227152402,0.12,0.15,within,18966.45090427313,500000.0,550000.0,within,17611.07013143343,2009678.0769528085,-358667.40247831657,7210350.08891953
55.0,0.5135725353194798,1.763809662849005,-0.512261867936906,-2.299012062397221,-0.9535795511801625,-1.8180661424242324,1.287784547126348,0.11728028739250008,-0.07785896184949348,-0.013398748545654371,0.037686885589791164,0.334206993089324,-2.1817594025847646,0.027232569133695973,0.005750910718917479,0.05202722343768134,-26305.31957752363,-26305.31957752363,26305.31957752363,1.0,1.0,0.15,0.005,0.0,0.0,0.0,0.0,0.0,0.0,0.0,0.0,2000000.0,within,136847.3402112382,163152.6597887618,150000.0,0.0,0.0,0.005750910718917479,0.12,0.15,within,26305.31957752363,500000.0,550000.0,within,11483.85062814306,2007926.9466079113,-386001.17747820495,7206395.309631381
55.1,0.5117404956344097,1.7644209023937605,-0.5060740087357926,-2.2996715144557545,-0.9221848692013451,-1.8439921159701356,1.2678249999494668,0.11782663700269096,-0.07111438133699746,-0.01369935782511078,0.03773325939875738,0.3456420801992979,-2.1818715789052514,0.027213173850772085,0.011102051969638635,0.05499560157674212,-33962.50165628771,-33962.50165628771,33962.50165628771,1.0,1.0,0.15,0.005,0.0,0.0,0.0,0.0,0.0,0.0,0.0,0.0,2000000.0,within,133018.74917185615,166981.25082814385,150000.0,0.0,0.0,0.011102051969638635,0.12,0.15,within,33962.50165628771,500000.0,550000.0,within,5272.889181541861,2006170.9780759392,-414067.1810073508,7202582.614160823
55.2,0.5103716032163159,1.765124040593189,-0.4993165953648845,-2.3004637673246453,-0.8935708840591947,-1.8680478616415939,1.2510382844910362,0.11829234106106719,-0.06432226109468606,-0.014013004037863652,0.03778573400399843,0.35746930437579866,-2.182197321684262,0.027193324500160397,0.016722238390569855,0.0574081268418827,-41863.65278494504,-41863.65278494504,41863.65278494504,1.0,1.0,0.15,0.005,0.0,0.0,0.0,0.0,0.0,0.0,0.0,0.0,2000000.0,within,129068.17360752748,170931.82639247252,150000.0,0.0,0.0,0.016722238390569855,0.12,0.15,within,41863.65278494504,500000.0,550000.0,within,-1036.9089429660235,2004510.6532291977,-442838.79353705933,7199248.292733064
55.300000000000004,0.509519687819123,1.7658972757205271,-0.4920695245511447,-2.301361717536481,-0.868089074302246,-1.8881015920219146,1.2377431641251282,0.11863746043424975,-0.0575368556850479,-0.014341627992251915,0.03784763191702378,0.36965595029701137,-2.1827494701257177,0.027175153817325794,0.022579469300871825,0.05973649136415665,-50060.87049099843,-50060.87049099843,50060.87049099843,1.0,1.0,0.15,0.005,0.0,0.0,0.0,0.0,0.0,0.0,0.0,0.0,2000000.0,within,124969.56475450078,175030.43524549922,150000.0,0.0,0.0,0.022579469300871825,0.12,0.15,within,50060.87049099843,500000.0,550000.0,within,-7310.587318205624,2002828.0536781105,-471972.0483514818,7196142.850590538
55.400000000000006,0.5092057165843922,1.7666658144907148,-0.4844161194504002,-2.3022688587793394,-0.8460391986649277,-1.903786310240852,1.2281985487237987,0.11888009452507313,-0.05079229077983619,-0.014684608774118146,0.03791770650099835,0.38216117071296646,-2.183413432506138,0.027158397177390336,0.028657694347724492,0.06182800957289654,-58502.431194591925,-58502.431194591925,58502.431194591925,1.0,1.0,0.15,0.005,0.0,0.0,0.0,0.0,0.0,0.0,0.0,0.0,2000000.0,within,120748.78440270404,179251.21559729596,150000.0,0.0,0.0,0.028657694347724492,0.12,0.15,within,58502.431194591925,500000.0,550000.0,within,-13507.010797641822,2000987.0584376503,-501324.05572475307,7192818.805314278
55.5,0.5094339551119819,1.7674152713564417,-0.47644411913763524,-2.3031673638848256,-0.8276733902240768,-1.9152248146838142,1.2225898963852768,0.11901249532735925,-0.04411807483415735,-0.015038310723056725,0.03799067119838018,0.3949182912713988,-2.184179135473487,0.027138708388616276,0.03494035249377579,0.06382515334812917,-67194.96870242617,-67194.96870242617,67194.96870242617,1.0,1.0,0.15,0.005,0.0,0.0,0.0,0.0,0.0,0.0,0.0,0.0,2000000.0,within,116402.51564878691,183597.4843512131,150000.0,0.0,0.0,0.03494035249377579,0.12,0.15,within,67194.96870242617,500000.0,550000.0,within,-19668.74592094554,1999192.306024515,-530908.4282523568,7189724.180278715
55.6,0.5101872582738294,1.7681429884616748,-0.46824314508811593,-2.3040544907672293,-0.8131877401682917,-1.9234314537808446,1.221020991921005,0.11903166524974039,-0.03754647751996841,-0.015402417402121671,0.03806586126154077,0.4078350061915042,-2.1850468388913633,0.0271168070058142,0.04140241961376161,0.06541618905158694,-76043.10444149899,-76043.10444149899,76043.10444149899,1.0,1.0,0.15,0.005,0.0,0.0,0.0,0.0,0.0,0.0,0.0,0.0,2000000.0,within,111978.4477792505,188021.5522207495,150000.0,0.0,0.0,0.04140241961376161,0.12,0.15,within,76043.10444149899,500000.0,550000.0,within,-25657.369123761426,1997472.0364491341,-560299.9654498624,7186922.835734552
55.7,0.5114646542894185,1.7688284327406087,-0.4598996669089693,-2.304903915438668,-0.8027159029431566,-1.9277403704585039,1.2234963871377462,0.11893719994950759,-0.03115838635528664,-0.015777202363551623,0.03814678456465792,0.42078221329554016,-2.1859906251087398,0.02709664140795654,0.04796332596572438,0.06580193798766862,-84780.65061330619,-84780.65061330619,84780.65061330619,1.0,1.0,0.15,0.005,0.0,0.0,0.0,0.0,0.0,0.0,0.0,0.0,2000000.0,within,107609.6746933469,192390.3253066531,150000.0,0.0,0.0,0.04796332596572438,0.12,0.15,within,84780.65061330619,500000.0,550000.0,within,-31249.313265423174,1995636.8961827296,-588836.5499645197,7183956.788187154
55.800000000000004,0.5132776731234152,1.7694710641542106,-0.45149627765489075,-2.3057151653337487,-0.7963271431923671,-1.9261196980709332,1.2299196369112886,0.11871467531692625,-0.0250700192244364,-0.01615827240256351,0.03823243168902479,0.4335942026451172,-2.1870244419439557,0.02707670273324017,0.0545001205254798,0.06493395320743967,-93235.62247613756,-93235.62247613756,93235.62247613756,1.0,1.0,0.15,0.005,0.0,0.0,0.0,0.0,0.0,0.0,0.0,0.0,2000000.0,within,103382.18876193122,196617.8112380688,150000.0,0.0,0.0,0.0545001205254798,0.12,0.15,within,93235.62247613756,500000.0,550000.0,within,-36356.11982964235,1993752.036308173,-616114.9474813703,7180989.815326118
55.900000000000006,0.5156150658907949,1.7700696300084482,-0.44311110072734156,-2.3064865549728597,-0.7940180066686687,-1.9177331235509,1.240093315895948,0.11839174911338539,-0.019398529045280926,-0.01654029530259038,0.03831936196797869,0.4460770039370783,-2.188118947772114,0.02705423672216316,0.06088186748592832,0.06270098600153108,-101212.93502274787,-101212.93502274787,101212.93502274787,1.0,1.0,0.15,0.005,0.0,0.0,0.0,0.0,0.0,0.0,0.0,0.0,2000000.0,within,99999.99999999999,201212.93502274784,150606.46751137392,606.4675113739213,1.0,0.06088186748592832,0.12,0.15,within,101212.93502274787,500000.0,550000.0,within,-40882.185277247336,1991913.2044750568,-641681.0224270283,7178201.191980342
56.0,0.5184215472649472,1.7705579619798937,-0.4348190210248998,-2.3071313793508694,-0.7957134907786659,-1.904150677809127,1.2537203412323354,0.11795738902327649,-0.014249602727736451,-0.016919182875042793,0.038407842737110176,0.45800853633711314,-2.1891984604148016,0.027031189133371325,0.06698213964096339,0.05930445709917059,-108585.98848692208,-108585.98848692208,108585.98848692208,1.0,1.0,0.15,0.005,0.0,0.0,0.0,0.0,0.0,0.0,0.0,0.0,2000000.0,within,100000.00000000001,208585.9884869221,154292.99424346106,4292.994243461057,1.0,0.06698213964096339,0.12,0.15,within,108585.98848692208,500000.0,550000.0,within,-44633.6688471298,1989984.865535176,-664824.965160232,7175192.701696044
56.1,0.5216108334679631,1.7708934261414946,-0.42669226019820283,-2.307593431659285,-0.8012803651123146,-1.8887197412540104,1.2703949303875626,0.11743522825766492,-0.009730176475496084,-0.017286975805937743,0.03849569108249584,0.46911624794744095,-2.1901831337814204,0.027008582510898452,0.07266567182190797,0.05436618651972122,-115100.59684987906,-115100.59684987906,115100.59684987906,1.0,1.0,0.15,0.005,0.0,0.0,0.0,0.0,0.0,0.0,0.0,0.0,2000000.0,within,100000.0,215100.59684987908,157550.29842493954,7550.298424939538,1.0,0.07266567182190797,0.12,0.15,within,115100.59684987906,500000.0,550000.0,within,-47495.77103452862,1987927.161251756,-684952.6138939122,7171776.269923989
56.2,0.5251130774230878,1.7711124305214616,-0.41880102531981067,-2.3079195586617356,-0.8105500071268664,-1.873284710142411,1.2896310455406905,0.11685441412976676,-0.005987212615928063,-0.01763465013846144,0.03857733393371321,0.4790827237452632,-2.1910906598653943,0.02698306674762139,0.0777515698603354,0.04735177424882761,-120411.09980642455,-120411.09980642455,120411.09980642455,1.0,1.0,0.15,0.005,0.0,0.0,0.0,0.0,0.0,0.0,0.0,0.0,2000000.0,within,100000.00000000001,220411.09980642458,160205.5499032123,10205.54990321229,1.0,0.0777515698603354,0.12,0.15,within,120411.09980642455,500000.0,550000.0,within,-49324.52450046479,1986002.3377734004,-701348.8948463141,7168563.752160123
56.300000000000004,0.528872343626306,1.7712289442009337,-0.4112138791279527,-2.3081272240071624,-0.8233282539080857,-1.8582753560842398,1.3108920961667732,0.11620230936319541,-0.003204915295748751,-0.017955239293669933,0.038653447621735726,0.4875655350921187,-2.1919511209971705,0.02695620146233194,0.08201816852394811,0.03798019902342626,-124168.69499731304,-124168.69499731304,124168.69499731304,1.0,1.0,0.15,0.005,0.0,0.0,0.0,0.0,0.0,0.0,0.0,0.0,2000000.0,within,100000.0,224168.69499731302,162084.3474986565,12084.347498656512,1.0,0.08201816852394811,0.12,0.15,within,124168.69499731304,500000.0,550000.0,within,-49848.78252068476,1984231.5242741993,-712981.7565974167,7165639.759192664
56.400000000000006,0.5328129244469032,1.7712310949043766,-0.4039965549503318,-2.308200049966796,-0.8393932433269798,-1.8456044698166256,1.3335919320103236,0.11551115649098817,-0.0015640881297024763,-0.01823850039613717,0.038727267378957375,0.4942003940622816,-2.192715885443919,0.02693368051704602,0.0852437431905231,0.026531294308073175,-126136.6726141214,-126136.6726141214,126136.6726141214,1.0,1.0,0.15,0.005,0.0,0.0,0.0,0.0,0.0,0.0,0.0,0.0,2000000.0,within,100000.0,226136.6726141214,163068.3363070607,13068.336307060701,1.0,0.0852437431905231,0.12,0.15,within,126136.6726141214,500000.0,550000.0,within,-48898.56264914991,1982399.4541183158,-719019.8303782337,7162460.012706631
56.5,0.5368651428044553,1.7711416382970462,-0.3972136359582719,-2.308166831692463,-0.858513083924025,-1.8367481870900204,1.3571250705171687,0.11479586238406053,-0.001250307472776766,-0.018469916634259675,0.03879384601215774,0.49861370926411974,-2.193398824608726,0.02691254779023107,0.08720044684853803,0.0126027788522257,-125933.81835153162,-125933.81835153162,125933.81835153162,1.0,1.0,0.15,0.005,0.0,0.0,0.0,0.0,0.0,0.0,0.0,0.0,2000000.0,within,100000.0,225933.81835153163,162966.90917576582,12966.909175765817,1.0,0.08720044684853803,0.12,0.15,within,125933.81835153162,500000.0,550000.0,within,-46467.41784230922,1980735.9093199654,-718988.2375099959,7159558.615821407
56.6,0.5409930926473981,1.771030805228756,-0.39092927324390797,-2.308118375519436,-0.880459778871575,-1.8305870351149887,1.3809205208049382,0.11408695940872925,-0.0024632641705541877,-0.018641578463842734,0.038849202907961455,0.500462486869164,-2.194060199370654,0.02688936454587109,0.08764872596882546,-0.00363719644647692,-123277.5517305705,-123277.5517305705,123277.5517305705,1.0,1.0,0.15,0.005,0.0,0.0,0.0,0.0,0.0,0.0,0.0,0.0,2000000.0,within,100000.0,223277.5517305705,161638.77586528525,11638.77586528525,1.0,0.08764872596882546,0.12,0.15,within,123277.5517305705,500000.0,550000.0,within,-42322.72640488716,1979506.4505583567,-711940.9114100467,7157607.3389269
56.7,0.5451817551358468,1.7709776719781556,-0.385205115466261,-2.3081570466972763,-0.9050035265177719,-1.8244047447842109,1.4044592856590645,0.11340483676596565,-0.005387201482926918,-0.01874636276447461,0.03890032731229054,0.4994575313137346,-2.1947819708463556,0.026870681456407933,0.08636810445068165,-0.021975233916399207,-117919.52383263622,-117919.52383263622,117919.52383263622,1.0,1.0,0.15,0.005,0.0,0.0,0.0,0.0,0.0,0.0,0.0,0.0,2000000.0,within,99999.99999999999,217919.5238326362,158959.7619163181,8959.761916318093,1.0,0.08636810445068165,0.12,0.15,within,117919.52383263622,500000.0,550000.0,within,-36287.356068616034,1978553.314239255,-697122.9317550615,7156352.2137774415
56.800000000000004,0.5493871110973082,1.7710135829489522,-0.3801032189732544,-2.3083228938046294,-0.9319123432585891,-1.8171047566664524,1.427272760866429,0.11273268637191762,-0.010140799200916132,-0.01877144719996693,0.038950470654580904,0.49536222088173787,-2.1956209710420405,0.02686034266660439,0.08320718775745485,-0.04124309994813635,-109893.54059122941,-109893.54059122941,109893.54059122941,1.0,1.0,0.15,0.005,0.0,0.0,0.0,0.0,0.0,0.0,0.0,0.0,2000000.0,within,100000.0,209893.5405912294,154946.7702956147,4946.770295614697,1.0,0.08320718775745485,0.12,0.15,within,109893.54059122941,500000.0,550000.0,within,-28509.011369103566,1977833.838550963,-674575.0472422729,7155767.284793638
56.900000000000006,0.5535330102150098,1.7711136032124661,-0.3756831801851648,-2.3085824362614806,-0.9609444941674944,-1.8095850992951934,1.4489642145064534,0.11211273096356425,-0.016764513185155844,-0.018707330194509098,0.03899104041205348,0.4880215593708934,-2.196501488241012,0.02685280353917932,0.07809782291546367,-0.06094419689168708,-99208.95961109092,-99208.95961109092,99208.95961109092,1.0,1.0,0.15,0.005,0.0,0.0,0.0,0.0,0.0,0.0,0.0,0.0,2000000.0,within,100395.52019445454,199604.47980554547,150000.0,0.0,0.0,0.07809782291546367,0.12,0.15,within,99208.95961109092,500000.0,550000.0,within,-19130.571269656066,1977583.1362864992,-644427.735312664,7156288.256989735
57.0,0.5575536773463097,1.771224316108686,-0.3719925258870031,-2.3088648687874356,-0.9918325217673939,-1.8025228492576653,1.469205037859786,0.1115530408956242,-0.025259857138813114,-0.01855375204628018,0.03901798656711497,0.4773743953069134,-2.197344630253898,0.026845835036308642,0.07101555500512727,-0.08070116131504083,-85908.97308477612,-85908.97308477612,85908.97308477612,1.0,1.0,0.15,0.005,0.0,0.0,0.0,0.0,0.0,0.0,0.0,0.0,2000000.0,within,107045.51345761193,192954.48654238807,150000.0,0.0,0.0,0.07101555500512727,0.12,0.15,within,85908.97308477612,500000.0,550000.0,within,-8062.426583757275,1977841.0361368675,-606404.0189635437,7157907.526886671
57.1,0.5614009536620999,1.7713588195129155,-0.3690727066201989,-2.3091862187249586,-1.0243080299742213,-1.795460720371585,1.4877603181772343,0.1110527975036281,-0.03557252432304925,-0.018307762566706742,0.03903650812381043,0.463454211555277,-2.1981672259151903,0.026845565110631867,0.06199829076157101,-0.09964412355608403,-70217.59183507322,-70217.59183507322,70217.59183507322,1.0,1.0,0.15,0.005,0.0,0.0,0.0,0.0,0.0,0.0,0.0,0.0,2000000.0,within,114891.20408246339,185108.7959175366,150000.0,0.0,0.0,0.06199829076157101,0.12,0.15,within,70217.59183507322,500000.0,550000.0,within,4516.972677518032,1978417.662439111,-560946.6713107037,7160218.612242505
57.2,0.5650491745892695,1.7716059865795968,-0.36695811334409223,-2.309661467085606,-1.0581022622754837,-1.7864819097252782,1.504497703435907,0.11061886097238854,-0.047592521075025075,-0.017966120772051397,0.03904790395416269,0.44639741244519077,-2.199077383844428,0.02685329623058363,0.0511467839333496,-0.11738601300834409,-52345.224931368946,-52345.224931368946,52345.224931368946,1.0,1.0,0.15,0.005,0.0,0.0,0.0,0.0,0.0,0.0,0.0,0.0,2000000.0,within,123827.38753431552,176172.61246568448,150000.0,0.0,0.0,0.0511467839333496,0.12,0.15,within,52345.224931368946,500000.0,550000.0,within,18247.904218034353,1979436.298574897,-509033.15717286966,7163632.121806316
57.300000000000004,0.5684601881967505,1.771961225075405,-0.3656721381141216,-2.310283452348244,-1.092931109036103,-1.774940140093262,1.5194073251547653,0.11023530991856367,-0.06112499674878939,-0.01753609606421236,0.039048600424179014,0.42647823816832203,-2.2000838483192573,0.026865581606882315,0.03865519621646901,-0.1324457413292675,-32844.38348090189,-32844.38348090189,32844.38348090189,1.0,1.0,0.15,0.005,0.0,0.0,0.0,0.0,0.0,0.0,0.0,0.0,2000000.0,within,133577.80825954906,166422.19174045094,150000.0,0.0,0.0,0.03865519621646901,0.12,0.15,within,32844.38348090189,500000.0,550000.0,within,32983.92865513882,1981060.832701731,-451330.90852956707,7168527.57941593
57.400000000000006,0.5715789300383226,1.7723511739582645,-0.36523275695813956,-2.3109551801953145,-1.1285158355565332,-1.7613715221017106,1.5325927969962612,0.10993443008726694,-0.0758929213955112,-0.01702624759207083,0.03903770494486203,0.40407903791639466,-2.2010573436967213,0.026883562546444688,0.02480779115799961,-0.14450235984012055,-12154.485101551663,-12154.485101551663,12154.485101551663,1.0,1.0,0.15,0.005,0.0,0.0,0.0,0.0,0.0,0.0,0.0,0.0,2000000.0,within,143922.75744922415,156077.24255077585,150000.0,0.0,0.0,0.02480779115799961,0.12,0.15,within,12154.485101551663,500000.0,550000.0,within,48454.94080763636,1983116.2040157274,-388918.82701627375,7174351.793216951
57.5,0.5743510753663692,1.7727736961220282,-0.365646889303569,-2.3116725591127776,-1.1645586175362235,-1.7465543746226369,1.5442313590256902,0.10968403597367107,-0.09154869614025547,-0.016442263377058453,0.03901629016642172,0.3796748745082575,-2.202025950982916,0.026908993971886046,0.009964541323699852,-0.1523626368458746,9010.66008087482,9010.66008087482,9010.66008087482,1.0,1.0,0.15,0.005,0.0,0.0,0.0,0.0,0.0,0.0,0.0,0.0,2000000.0,within,154505.3300404374,145494.6699595626,150000.0,0.0,0.0,0.009964541323699852,0.12,0.15,within,9010.66008087482,500000.0,550000.0,within,64118.37412256282,1985603.6714122244,-323603.1024044058,7181142.199658986
57.6,0.5766988404844056,1.7732465450896298,-0.36690827967890954,-2.312457272107929,-1.200722766510826,-1.7330835953406254,1.5545479887577835,0.10946981587798767,-0.10767158393583398,-0.015797485090772057,0.038982525919618816,0.3538274128957099,-2.203025659952023,0.02694150302874955,-0.005438109845741973,-0.1556903865429619,30007.709563955497,30007.709563955497,30007.709563955497,1.0,1.0,0.15,0.005,0.0,0.0,0.0,0.0,0.0,0.0,0.0,0.0,2000000.0,within,165003.85478197775,134996.14521802225,150000.0,0.0,0.0,0.005438109845741973,0.12,0.15,within,30007.709563955497,500000.0,550000.0,within,79609.59887916804,1988658.9422771162,-256896.28551092301,7189248.490188988
57.7,0.5785598292415192,1.7737482972847176,-0.36899850292976055,-2.3132797066643285,-1.236654769620412,-1.7224896258894817,1.5638072757695922,0.10931832237780993,-0.12382914732447205,-0.015110536375516403,0.03893470945097022,0.3271547560873259,-2.2040003181641348,0.026980876100346073,-0.020949253055407208,-0.15453247765034286,50250.83682218979,50250.83682218979,50250.83682218979,1.0,1.0,0.15,0.005,0.0,0.0,0.0,0.0,0.0,0.0,0.0,0.0,2000000.0,within,175125.4184110949,124874.5815889051,150000.0,0.0,0.0,0.020949253055407208,0.12,0.15,within,50250.83682218979,500000.0,550000.0,within,94692.25229500362,1992260.9983836547,-190091.87457869388,7198554.177722409
57.800000000000004,0.5799059160924969,1.774266515188249,-0.371886401152148,-2.314121923898341,-1.2719965664532924,-1.7143566162912682,1.5722940618536112,0.10919112707753198,-0.13960274162088918,-0.014396261165060764,0.03887451175266943,0.30029980423050523,-2.2049704081191988,0.027027776866682108,-0.036130357911510064,-0.14908961947171456,69201.32359651991,69201.32359651991,69201.32359651991,1.0,1.0,0.15,0.005,0.0,0.0,0.0,0.0,0.0,0.0,0.0,0.0,2000000.0,within,184600.66179825994,115399.33820174004,150000.0,0.0,0.0,0.036130357911510064,0.12,0.15,within,69201.32359651991,500000.0,550000.0,within,108931.08557020302,1996373.5792505862,-124961.41864899779,7209002.9165505245
57.900000000000006,0.5807035166626154,1.7747856659552061,-0.37553413998071755,-2.314961943657283,-1.3063999869720988,-1.7089550745818418,1.580306107934155,0.10908697415464849,-0.15456606634995537,-0.013669332742800577,0.038802831012858974,0.2739084876918848,-2.2059152143364797,0.02708303770784326,-0.05053433630486828,-0.1389899483954501,86194.64086049987,86194.64086049987,86194.64086049987,1.0,1.0,0.15,0.005,0.0,0.0,0.0,0.0,0.0,0.0,0.0,0.0,2000000.0,within,193097.32043024994,106902.67956975006,150000.0,0.0,0.0,0.05053433630486828,0.12,0.15,within,86194.64086049987,500000.0,550000.0,within,121878.73108257796,2000925.0680541324,-63307.468221348245,7220408.041345913
58.0,0.5809065644004795,1.7752339900535103,-0.37989988764356547,-2.3157043585356134,-1.3395365977554432,-1.7075190570088912,1.5881428473961676,0.10899578693819761,-0.1683012355463505,-0.01294846441711428,0.038717658666917565,0.24860867232199457,-2.2067494143290864,0.027144997685341735,-0.06372239787633106,-0.1247712830338055,100759.14906250182,100759.14906250182,100759.14906250182,1.0,1.0,0.15,0.005,0.0,0.0,0.0,0.0,0.0,0.0,0.0,0.0,2000000.0,within,200759.14906250185,100000.00000000001,150379.57453125092,379.57453125092434,1.0,0.06372239787633106,0.12,0.15,within,100759.14906250182,500000.0,550000.0,within,133286.5368118501,2005859.313773594,-6463.202973495936,7232538.070288654
58.1,0.5804679126548502,1.7755801097654822,-0.38493579583213144,-2.3163065819785973,-1.371098964871732,-1.7120930270367756,1.5960487355159856,0.10891247350260798,-0.18043227051153823,-0.012249074662037174,0.038616737613037966,0.22495224659515625,-2.2074355232969474,0.027211832509803288,-0.07530149772957827,-0.10681071403113819,112451.44706825467,112451.44706825467,112451.44706825467,1.0,1.0,0.15,0.005,0.0,0.0,0.0,0.0,0.0,0.0,0.0,0.0,2000000.0,within,212451.4470682547,100000.00000000001,156225.72353412735,6225.723534127348,1.0,0.07530149772957827,0.12,0.15,within,112451.44706825467,500000.0,550000.0,within,142892.8297215313,2011209.1640369517,44302.52626986755,7245420.718407987
58.2,0.579375185180812,1.7758600919116518,-0.39058931763425947,-2.316814320480862,-1.4008163842223462,-1.722908409150105,1.6042097600317298,0.10883350671835669,-0.19066889832314343,-0.011582286310193979,0.038502005203005396,0.20339590173342284,-2.2080227844338167,0.027284504061927273,-0.08496837854864062,-0.08652690235010896,121154.96741321111,121154.96741321111,121154.96741321111,1.0,1.0,0.15,0.005,0.0,0.0,0.0,0.0,0.0,0.0,0.0,0.0,2000000.0,within,221154.96741321112,100000.0,160577.48370660556,10577.483706605562,1.0,0.08496837854864062,0.12,0.15,within,121154.96741321111,500000.0,550000.0,within,150412.62126543192,2016974.4692206648,87785.71938240866,7259116.330932304
58.300000000000004,0.577637967468453,1.7760705734466262,-0.39680488096764494,-2.3172219295178644,-1.4284579459553421,-1.7390010133070277,1.6127452930932453,0.10873435662787537,-0.19881859457716758,-0.010961543285915809,0.038377051607815904,0.18428991818974877,-2.2085300826361713,0.027364419085930545,-0.09252218218131966,-0.06454917030347196,126730.44179902005,126730.44179902005,126730.44179902005,1.0,1.0,0.15,0.005,0.0,0.0,0.0,0.0,0.0,0.0,0.0,0.0,2000000.0,within,226730.44179902005,100000.0,163365.22089951002,13365.220899510023,1.0,0.09252218218131966,0.12,0.15,within,126730.44179902005,500000.0,550000.0,within,155832.8759032698,2023036.0454552723,123525.39939777122,7273380.01581908
58.400000000000006,0.5752485477012346,1.776183544273734,-0.40352342782577094,-2.3174916840813085,-1.4538231171331306,-1.7614520909758125,1.6216807805789266,0.10863447790266557,-0.20475101240357865,-0.010395108436050293,0.03824082748997526,0.16786027532341152,-2.2089002507074293,0.027450147076289292,-0.09783078530014717,-0.04162289207307754,129152.54226979348,129152.54226979348,129152.54226979348,1.0,1.0,0.15,0.005,0.0,0.0,0.0,0.0,0.0,0.0,0.0,0.0,2000000.0,within,229152.54226979346,99999.99999999999,164576.27113489673,14576.271134896728,1.0,0.09783078530014717,0.12,0.15,within,129152.54226979348,500000.0,550000.0,within,159128.01509248087,2029343.8682900984,151185.54255418445,7288028.77150572
58.5,0.5722244204278814,1.7762158001369819,-0.4106837445791745,-2.317644631003505,-1.4767547340715697,-1.7901962047150761,1.6309436251755376,0.10853144191092465,-0.20844225264364077,-0.009884510478741504,0.03809169272554014,0.15419153912628875,-2.2091567635025395,0.02753838223037378,-0.1008753569949636,-0.01926854182325078,128700.50685698583,128700.50685698583,128700.50685698583,1.0,1.0,0.15,0.005,0.0,0.0,0.0,0.0,0.0,0.0,0.0,0.0,2000000.0,within,228700.50685698586,100000.00000000001,164350.25342849293,14350.253428492928,1.0,0.1008753569949636,0.12,0.15,within,128700.50685698583,500000.0,550000.0,within,160223.05399712702,2036005.1309407908,170493.22316847253,7303332.71054982
58.6,0.5686245266641542,1.776228004439539,-0.418225300979721,-2.317759428770229,-1.4971482080755896,-1.8223840961502307,1.6404083877810407,0.10842565039430194,-0.20997460877673615,-0.009433220019268163,0.037934392253543336,0.14326285904275057,-2.209377875227984,0.027630506602315877,-0.10174694804651631,0.001836720792196731,125629.95452194591,125629.95452194591,125629.95452194591,1.0,1.0,0.15,0.005,0.0,0.0,0.0,0.0,0.0,0.0,0.0,0.0,2000000.0,within,225629.9545219459,100000.0,162814.97726097296,12814.977260972955,1.0,0.10174694804651631,0.12,0.15,within,125629.95452194591,500000.0,550000.0,within,159297.46130916986,2042949.8809636382,181877.93972287455,7319230.871807104
58.7,0.5645237851353317,1.7762851288668635,-0.42608665460840256,-2.317920563372172,-1.514934406293808,-1.8541615335679962,1.6498905975291807,0.10832399832982594,-0.2095067395381733,-0.009044363446335524,0.037775125109984486,0.13495889730095637,-2.2096411733334427,0.027728930537221693,-0.10061709568607448,0.02076032641664,120353.82828127404,120353.82828127404,120353.82828127404,1.0,1.0,0.15,0.005,0.0,0.0,0.0,0.0,0.0,0.0,0.0,0.0,2000000.0,within,220353.82828127407,100000.00000000001,160176.91414063703,10176.914140637033,1.0,0.10061709568607448,0.12,0.15,within,120353.82828127404,500000.0,550000.0,within,156671.5511992093,2050046.2309811055,186202.5286516192,7335522.118894629
58.800000000000004,0.5599867469227058,1.7764239022456925,-0.4342048023459694,-2.3181757138634835,-1.5300634969802336,-1.8823628066063618,1.6591355597201347,0.10822559092631627,-0.20723858027626757,-0.008710835472392375,0.037614458635256476,0.12907479084670337,-2.209995220500429,0.027831216594887173,-0.0977035163063506,0.03751126117783769,113157.71654779898,113157.71654779898,113157.71654779898,1.0,1.0,0.15,0.005,0.0,0.0,0.0,0.0,0.0,0.0,0.0,0.0,2000000.0,within,213157.71654779895,99999.99999999999,156578.85827389947,6578.858273899474,1.0,0.0977035163063506,0.12,0.15,within,113157.71654779898,500000.0,550000.0,within,152384.63928326,2057350.2345286529,183807.9007261073,7352392.415560307
58.900000000000006,0.5550449203161983,1.7766231320108667,-0.4425160874667368,-2.318496900179852,-1.542496146414992,-1.9058820430454528,1.6678417462764996,0.10815039178758454,-0.203381199670265,-0.008425796604321079,0.037451158245982,0.12534834629725478,-2.2103920672887707,0.02793501482919113,-0.09323832921754228,0.05179248059832883,104407.42570647376,104407.42570647376,104407.42570647376,1.0,1.0,0.15,0.005,0.0,0.0,0.0,0.0,0.0,0.0,0.0,0.0,2000000.0,within,204407.42570647376,100000.0,152203.71285323688,2203.7128532368806,1.0,0.09323832921754228,0.12,0.15,within,104407.42570647376,500000.0,550000.0,within,146581.35878230847,2064834.7631052856,175342.57890333002,7369721.635074772
59.0,0.5497047247790177,1.776811682087519,-0.45095190791462175,-2.3187908347872135,-1.552189324961932,-1.9254908745147348,1.6756650516166125,0.10809709768120387,-0.19815606184985768,-0.008185964818856917,0.037286096075985764,0.12347848761075995,-2.2107397118062884,0.028040576276166122,-0.08746702165083967,0.06363367073572378,94421.06169094732,94421.06169094732,94421.06169094732,1.0,1.0,0.15,0.005,0.0,0.0,0.0,0.0,0.0,0.0,0.0,0.0,2000000.0,within,197210.53084547367,102789.46915452633,150000.0,0.0,0.0,0.08746702165083967,0.12,0.15,within,94421.06169094732,500000.0,550000.0,within,139619.07372405267,2072312.1626507079,161981.64515642787,7386974.182816558
59.1,0.5439927327353067,1.7769843891049097,-0.4594390368322128,-2.3190505222289497,-1.5591060281158478,-1.9406176868767913,1.6822345238360061,0.10808440475600352,-0.19181533851159666,-0.007983890879430078,0.037118858063582394,0.12313126831569499,-2.2110124512830414,0.028146440049229244,-0.08066766263119177,0.07235350965723517,83701.9400007098,83701.9400007098,83701.9400007098,1.0,1.0,0.15,0.005,0.0,0.0,0.0,0.0,0.0,0.0,0.0,0.0,2000000.0,within,191850.9700003549,108149.0299996451,150000.0,0.0,0.0,0.08066766263119177,0.12,0.15,within,83701.9400007098,500000.0,550000.0,within,131734.79978820498,2079757.5264936604,144669.90356809902,7404062.345516197
59.2,0.5379677692554993,1.777213296729584,-0.46789983756263415,-2.319369958128981,-1.56321530511161,-1.9483338740847447,1.6871854573398124,0.10812260830921017,-0.18463246478312614,-0.007810087401296073,0.03695027633627346,0.12397293408808796,-2.2112939712606177,0.02825089276032931,-0.07313914853996638,0.0782167721672733,72591.64889828468,72591.64889828468,72591.64889828468,1.0,1.0,0.15,0.005,0.0,0.0,0.0,0.0,0.0,0.0,0.0,0.0,2000000.0,within,186295.82444914232,113704.17555085766,150000.0,0.0,0.0,0.07313914853996638,0.12,0.15,within,72591.64889828468,500000.0,550000.0,within,123079.96082624578,2087273.5381961113,124159.33982606663,7421320.286020594
59.300000000000004,0.5316547380094677,1.7774842679826266,-0.47625270516106405,-2.31973042686707,-1.5644756946178637,-1.9480087609894918,1.6901828379264112,0.10820083463866144,-0.1768337077990676,-0.007659508609265231,0.03678429791713134,0.12570993143675108,-2.211576407062556,0.028356302832661856,-0.06513113491522181,0.08194350032761803,61275.725281552885,61275.725281552885,61275.725281552885,1.0,1.0,0.15,0.005,0.0,0.0,0.0,0.0,0.0,0.0,0.0,0.0,2000000.0,within,180637.86264077644,119362.13735922356,150000.0,0.0,0.0,0.06513113491522181,0.12,0.15,within,61275.725281552885,500000.0,550000.0,within,113925.765536216,2094682.132232788,101421.91644990491,7438337.665337946
59.400000000000006,0.5250472236621788,1.7777305849027527,-0.4844154580727415,-2.3200444769259323,-1.562845105856939,-1.9409258363530792,1.6909233464085567,0.10835142415987123,-0.16859513772647772,-0.007525299677880071,0.03661950339635345,0.1280810335318944,-2.2117399641417848,0.028462006684004663,-0.056840867598022385,0.08386184601637049,49948.90328509916,49948.90328509916,49948.90328509916,1.0,1.0,0.15,0.005,0.0,0.0,0.0,0.0,0.0,0.0,0.0,0.0,2000000.0,within,174974.45164254957,125025.54835745042,150000.0,0.0,0.0,0.056840867598022385,0.12,0.15,within,49948.90328509916,500000.0,550000.0,within,104414.61753632477,2101845.867924935,77099.94871709764,7454657.620352378
59.5,0.5181268642058287,1.7779457898867108,-0.492308863490116,-2.3203035375093264,-1.5582965248265654,-1.9288810071061762,1.6891570935300038,0.10857470384569985,-0.16004438547697936,-0.007398438420445075,0.036450663193625665,0.13086336504905843,-2.2117757310881663,0.02856346096613398,-0.04841342306113833,0.0846870447213107,38659.63675542416,38659.63675542416,38659.63675542416,1.0,1.0,0.15,0.005,0.0,0.0,0.0,0.0,0.0,0.0,0.0,0.0,2000000.0,within,169329.81837771207,130670.18162228793,150000.0,0.0,0.0,0.04841342306113833,0.12,0.15,within,38659.63675542416,500000.0,550000.0,within,94535.2244963116,2108968.9089941103,51442.675855368376,7470728.537998304
59.6,0.5108611156568518,1.7781348770030334,-0.4998562418853614,-2.3205141042027417,-1.5508179555303951,-1.9145105279863717,1.6846979335691898,0.10887280936402798,-0.15126461815168893,-0.0072755752920059535,0.036278467826785565,0.1338827762769821,-2.211688058338542,0.02866253731389834,-0.039944963828605115,0.08468213992935396,27482.25152687166,27482.25152687166,27482.25152687166,1.0,1.0,0.15,0.005,0.0,0.0,0.0,0.0,0.0,0.0,0.0,0.0,2000000.0,within,163741.12576343582,136258.87423656418,150000.0,0.0,0.0,0.039944963828605115,0.12,0.15,within,27482.25152687166,500000.0,550000.0,within,84433.5786534813,2116029.5121721094,24993.183297297102,7486506.856920861
59.7,0.5032435667793875,1.7782844827180022,-0.5069802214242225,-2.320658769210487,-1.5404132344411021,-1.898636742427007,1.6774260081753798,0.10925637122015325,-0.1423331903289989,-0.00715569494376922,0.03610594197512773,0.13701557283268112,-2.2114489053296182,0.02876262346279229,-0.03152121217024058,0.0837928932379373,16540.748676113813,16540.748676113813,16540.748676113813,1.0,1.0,0.15,0.005,0.0,0.0,0.0,0.0,0.0,0.0,0.0,0.0,2000000.0,within,158270.3743380569,141729.6256619431,150000.0,0.0,0.0,0.03152121217024058,0.12,0.15,within,16540.748676113813,500000.0,550000.0,within,74270.43423614342,2122855.0527467877,-1734.4046270478284,7501569.617419871
59.800000000000004,0.4952931349585919,1.7784006251611901,-0.5136042075583671,-2.320745586578761,-1.5271068922113549,-1.8804690309314502,1.6672913727647265,0.10971735387278253,-0.13331242031134524,-0.007035519949972979,0.0359308212310574,0.14018727895901686,-2.2110743552070256,0.028860649936800303,-0.023207973178207345,0.08247188660272772,5831.474533671861,5831.474533671861,5831.474533671861,1.0,1.0,0.15,0.005,0.0,0.0,0.0,0.0,0.0,0.0,0.0,0.0,2000000.0,within,152915.73726683593,147084.26273316407,150000.0,0.0,0.0,0.023207973178207345,0.12,0.15,within,5831.474533671861,500000.0,550000.0,within,64031.031363473274,2129566.6989919096,-28681.52193973225,7516209.267206309
59.900000000000006,0.48702064821919916,1.778488478776374,-0.5196542462238756,-2.3207816088631588,-1.5109405053083425,-1.8600622707020047,1.654322543850552,0.11026962205192473,-0.12421441236898725,-0.0069133665566312175,0.03575142280718557,0.14338483529261076,-2.210557602862078,0.02895499302657829,-0.01501536029457011,0.08138037107001694,-4764.471366187136,-4764.471366187136,4764.471366187136,1.0,1.0,0.15,0.005,0.0,0.0,0.0,0.0,0.0,0.0,0.0,0.0,2000000.0,within,147617.76431690642,152382.23568309358,150000.0,0.0,0.0,0.01501536029457011,0.12,0.15,within,4764.471366187136,500000.0,550000.0,within,53666.378994322615,2136223.6775778765,-55942.30556411983,7530550.680423113
60.0,0.47840927184778786,1.7784884413779496,-0.5250622282980911,-2.3206893258605183,-1.4919764669673512,-1.8394575712916266,1.6386194430294854,0.11089333040395499,-0.11499752112584273,-0.006791317520658424,0.035570208046457275,0.14664576906986246,-2.2098409802980155,0.0290486843885566,-0.006894752299826529,0.081031788824855,-15413.957470216272,-15413.957470216272,15413.957470216272,1.0,1.0,0.15,0.005,0.0,0.0,0.0,0.0,0.0,0.0,0.0,0.0,2000000.0,within,142293.02126489187,157706.97873510813,150000.0,0.0,0.0,0.006894752299826529,0.12,0.15,within,15413.957470216272,500000.0,550000.0,within,43201.96044122806,2142628.2543432196,-83505.6624745772,7544077.891527488
